[
  {
    "img": "http://www.hehe168.com/public/upload/m/201611/10/5823ce9a352bc.jpg",
    "url": "http://www.hehe168.com/m/shares/catId/673",
    "product_list": [
      {
        "category": "坚果炒货",
        "cate": "三只松鼠",
        "name": "【年货开抢】三只松鼠年货礼包6袋1208g",
        "price": "￥88.00",
        "img": "http://www.hehe168.com/public/upload/photos/000/000/149/25/78dddbcdc167b0fb2cdcde2f7fff9a2fu7pyeV.jpg",
        "url": "http://www.hehe168.com/m/details/id/400773",
        "summary": "根据权威机构研究得出：每周食用两次以上坚果能够降低人们患致命心脏病的风险，这是美国医生健康研究项目的两万名名男性医生消费坚果的特点进行调查后的准确结果。专家还指出：每周至少吃两次，每次一盎司坚果的人死于突发性心脏病的几率要比根本不吃坚果的人低47%。因为坚果中富含蛋白质，又叫长生果，又叫植物肉，它是大自然给予人类最美好的礼物，它的营养价值被社会所公认，它含有的锌、锰、磷等人类所必须的微量元素对人类来说都是非常宝贵的！还能够调节人体内分泌、对于我们的大脑神经也有很好的调节功能，还能够防癌、抗癌。对人类的帮助"
      },
      {
        "category": "坚果炒货",
        "cate": "三只松鼠",
        "name": "三只松鼠坚果炒货紫薯花生120g",
        "price": "￥15.00",
        "img": "http://www.hehe168.com/public/upload/photos/000/000/060/89/0382748305214f9024847a274bd608370GGB99.jpg",
        "url": "http://www.hehe168.com/m/details/id/9482",
        "summary": "本品采用花生仁、小麦粉、玉米淀粉等制作而成。花生香脆和紫薯外壳的香酥相结合，让你吃一口就回味无穷，本品采用独立小包装，更挺方便携带，可作为上班休闲零食食用。"
      },
      {
        "category": "坚果炒货",
        "cate": "三只松鼠",
        "name": "三只松鼠 奶香花生带壳150g",
        "price": "￥8.90",
        "img": "http://www.hehe168.com/public/upload/photos/000/000/144/00/de8e4b04955656d088a7817099e96ee6tgtENr.jpg",
        "url": "http://www.hehe168.com/m/details/id/383858",
        "summary": "轻轻地剥开每一颗花生果仁都是饱满的，入口干中带韧性越嚼越香，口感香脆，回味无穷。"
      },
      {
        "category": "坚果炒货",
        "cate": "三只松鼠",
        "name": "【三只松鼠】碧根果奶油味210gx3袋",
        "price": "￥69.90",
        "img": "http://www.hehe168.com/public/upload/photos/000/000/054/65/924be9656e9303dc9fb6db53214513baj4G9Ka.jpg",
        "url": "http://www.hehe168.com/m/details/id/7208",
        "summary": "桃性味甘、温，有补养气血，补肾固精，润燥化痰，温肺定喘，润肠等功效。治疗肾虚咳嗽，腰痛腿软，大便燥结等。常吃核桃令人肥健、润肌、黑须发，强肾补脑，使人长寿，所以人们称之为长寿果。核桃含脂肪较高，现代医学认为，核桃中的磷质对脑神经有良好的作用。"
      },
      {
        "category": "坚果炒货",
        "cate": "三只松鼠",
        "name": "【三只松鼠】东北奶油味开口松子218g(满69包邮)",
        "price": "￥28.90",
        "img": "http://www.hehe168.com/public/upload/photos/000/000/068/33/4e6ea6912769cf89800f602aa5a9009c3Jwaa3.jpg",
        "url": "http://www.hehe168.com/m/details/id/10697",
        "summary": "可见常食松子能延年，美容。凡脾虚便溏、肾亏遗精、湿痰甚者均不宜多食。"
      },
      {
        "category": "坚果炒货",
        "cate": "三只松鼠",
        "name": "三只松鼠碧根果奶油味210克x2",
        "price": "￥38.90",
        "img": "http://www.hehe168.com/public/upload/photos/000/000/039/57/65d7a0023bec5a58ed48f19300280a703BkIS6.jpg",
        "url": "http://www.hehe168.com/m/details/id/10333",
        "summary": "碧根果中含有丰富的蛋白质，氨基酸，维生素，有很高的营养价值，并有补脑强身，降低血脂之功效。神经衰弱，失眠者，每日早晚各吃碧根果数个，可收滋补治疗。据说著名的京剧表演艺术家梅兰芳生前每天都吃核桃粥，因而皮肤舒展细嫩，面色光润。"
      },
      {
        "category": "坚果炒货",
        "cate": "三只松鼠",
        "name": "三只松鼠熟制带壳开口甘栗120gx2袋包邮",
        "price": "￥29.90",
        "img": "http://www.hehe168.com/public/upload/photos/000/000/029/39/a18acc1cce00314d7411776b19b898aezLpRA5.jpg",
        "url": "http://www.hehe168.com/m/details/id/4394",
        "summary": "中医认为板栗能补脾健胃、补肾强筋、活血止血，其所含的不饱和脂肪酸和各种维生素，有抗高血压、冠心病、骨质疏松和动脉硬化的功效，是抗衰老、延年益寿的滋补佳品。"
      },
      {
        "category": "坚果炒货",
        "cate": "三只松鼠",
        "name": "三只松鼠甘栗仁100g(河北特产满68包邮)",
        "price": "￥14.90",
        "img": "http://www.hehe168.com/public/upload/photos/000/000/038/03/dafb97e78601dc19a23533956e11ee0dn676x6.jpg",
        "url": "http://www.hehe168.com/m/details/id/6952",
        "summary": "板栗中所含的丰富的不饱和脂肪酸和维生素、矿物质，能防治高血压病、冠心病、动脉硬化、骨质疏等疾病，是抗衰老、延年益寿的滋补佳品；栗子味甘，性温，入脾、胃、肾经；具有养胃健脾，补肾强筋，活血止血之功效。"
      },
      {
        "category": "坚果炒货",
        "cate": "三只松鼠",
        "name": "【踏青必备】三只松鼠小贱爆米花150g(满69包邮)",
        "price": "￥12.90",
        "img": "http://www.hehe168.com/public/upload/photos/000/000/045/26/bb1ef8dca9847a48be3a2763812f9505s9Yyll.jpg",
        "url": "http://www.hehe168.com/m/details/id/4953",
        "summary": "焦糖爆米花是一道由玉米粒，牛油，红糖等食材制成的美食。吃过的人都喜欢！^_^"
      },
      {
        "category": "坚果炒货",
        "cate": "三只松鼠",
        "name": "三只松鼠小美荷叶茶30gx2盒(减肥降脂袋泡茶满69元包邮)",
        "price": "￥19.90",
        "img": "http://www.hehe168.com/public/upload/photos/000/000/103/69/c27ef0a3eb6685880f4a599e778b555dJ8GlJ5.jpg",
        "url": "http://www.hehe168.com/m/details/id/197436",
        "summary": "荷叶具有清心火、平肝火、泻脾火、降肺火以及清热养神、降压利尿、敛液止汗、止血固精等功效。“荷叶减肥，令人瘦劣”，中国自古以来就把荷叶茶奉为瘦身的良药。"
      },
      {
        "category": "坚果炒货",
        "cate": "三只松鼠",
        "name": "【限购1份】三只松鼠休闲猪肉脯210g(精选后腿肉)",
        "price": "￥17.90",
        "img": "http://www.hehe168.com/public/upload/photos/000/000/173/29/d9ff1e05052177a939243673da853729iU9S3I.jpg",
        "url": "http://www.hehe168.com/m/details/id/473896",
        "summary": "猪肉脯形态美观，风味独特、口感细腻、营养丰富、携带和食用方便等特点倍受青睐；流口水新鲜好吃的蜜汁猪肉脯，营养价值高、富含丰富蛋白质；肉脯中添加蜂蜜含有人体所需的十几种氨基酸，多种活性酶和一些丰富的常量、微量元素，丰富的矿物质，又不含脂肪，助消化。"
      },
      {
        "category": "坚果炒货",
        "cate": "三只松鼠",
        "name": "【三只松鼠】多味花生零食炒货205g",
        "price": "￥11.90",
        "img": "http://www.hehe168.com/public/upload/photos/000/000/067/85/20b1f4312ee2da9a1cd26faf223abdb7zni1e5.jpg",
        "url": "http://www.hehe168.com/m/details/id/10625",
        "summary": "本品采用花生仁、小麦粉、植物油等制作而成。一颗颗饱满的大花生，外层是炸得松脆的面粉，细腻香酥，让你久久回味其中。其还具有一定的抗老化、凝血止血、促进发育、增强记忆等作用。"
      },
      {
        "category": "坚果炒货",
        "cate": "三只松鼠",
        "name": "【3月18日开抢】三只松鼠手剥巴旦木235gx2",
        "price": "￥22.90",
        "img": "http://www.hehe168.com/public/upload/photos/000/000/041/28/3ea515ba5dec30e883304cafcfbe156b7oJ9uw.jpg",
        "url": "http://www.hehe168.com/m/details/id/4230",
        "summary": "巴旦木是一种营养密集型健康零食，含有蛋白质、膳食纤维、维生素E，比其他树上结下来的坚果营养会多，且不含胆固醇，具有保护肌肤、改善肠道健康、控制体重、维持血糖水平等作用。"
      },
      {
        "category": "坚果炒货",
        "cate": "三只松鼠",
        "name": "【三只松鼠】特级香榧子155g踏青零食",
        "price": "￥59.90",
        "img": "http://www.hehe168.com/public/upload/photos/000/000/051/83/7795c3b387361983865f82dc63cdf3fcJ22nHu.jpg",
        "url": "http://www.hehe168.com/m/details/id/6380",
        "summary": "香榧果实富含丰富的营养成分，包括丰富的易吸收脂肪、优质蛋白质、葡萄糖等基本营养物质可以给人体提供能量，香榧还富含有丰富的维生素、钙、铁、锌等微量矿物元素。香榧中还含有丰富的膳食纤维和碳水化合物等对人体肠胃非常地有好处。"
      },
      {
        "category": "坚果炒货",
        "cate": "三只松鼠",
        "name": "三只松鼠牛肉味兰花豆205g休闲小吃",
        "price": "￥11.90",
        "img": "http://www.hehe168.com/public/upload/photos/000/000/032/75/4dd26de8e32b942104f5e4b96a5b935bk7UZjo.jpg",
        "url": "http://www.hehe168.com/m/details/id/9318",
        "summary": "蚕豆中含有调节大脑和神经组织的重要成分钙、锌、锰、磷脂等，并含有丰富的胆石碱，有增强记忆力的健脑作用。蚕豆中的蛋白质含量丰富，且不含胆固醇，可以提高食品营养价值，预防心血管疾病。"
      },
      {
        "category": "坚果炒货",
        "cate": "三只松鼠",
        "name": "三只松鼠无漂白开心果225g",
        "price": "￥36.90",
        "img": "http://www.hehe168.com/public/upload/photos/000/000/045/15/63a802df6d1d50e72e54b5c18721f521vY6oXZ.jpg",
        "url": "http://www.hehe168.com/m/details/id/4913",
        "summary": "开心果富含精氨酸，它不仅可以缓解动脉硬化的发生，有助于降低血脂，还能降低心脏病发作危险，降低胆固醇，缓解急性精神压力反应等。孕妇和产妇吃开心果，可以适量补充营养物质，更利于营养均衡、增强体质、预防疾病。不过不要多吃，容易造成消化不良。"
      },
      {
        "category": "坚果炒货",
        "cate": "三只松鼠",
        "name": "三只松鼠玫瑰红葡萄干280g",
        "price": "￥13.90",
        "img": "http://www.hehe168.com/public/upload/photos/000/000/044/49/97b4366cb46695d7b7cfec4b6fbede8cPP4p4S.jpg",
        "url": "http://www.hehe168.com/m/details/id/4764",
        "summary": "葡萄干中的铁和钙含量十分丰富，是儿童、妇女及体弱贫血者的滋补佳品，可补血气、暖肾，帮助改善贫血，血小板减少；葡萄干内含大量葡萄糖，对心肌有营养作用，有助于冠心病患者的康复。"
      },
      {
        "category": "坚果炒货",
        "cate": "三只松鼠",
        "name": "老街口带壳红皮零食奶香味420g",
        "price": "￥9.90",
        "img": "http://www.hehe168.com/public/upload/photos/000/000/029/37/c6cb16103ea96c569e382d63d0471326eXORqx.jpg",
        "url": "http://www.hehe168.com/m/details/id/7063",
        "summary": "花生果实中的卵磷脂和脑磷脂，是神经系统所需要的重要物质，能延缓脑功能衰退，抑制血小板凝集，防止脑血栓形成。实验证实，常食花生可改善血液循环、增强记忆、延缓衰老。"
      },
      {
        "category": "坚果炒货",
        "cate": "三只松鼠",
        "name": "三只松鼠 开口松子218gx2袋",
        "price": "￥48.90",
        "img": "http://www.hehe168.com/public/upload/photos/000/000/039/89/eade5b045479fb5c8a2c62a7bb37f164rNPPxz.jpg",
        "url": "http://www.hehe168.com/m/details/id/3962",
        "summary": "松子内含有大量的不饱和脂肪酸，常食松子，可以强身健体，特别对老年体弱、腰痛、便秘、眩晕、小儿生长发育迟缓均有补肾益气、养血润肠、滋补健身的作用。凡脾虚便溏、肾亏遗精、湿痰甚者均不宜多食。"
      },
      {
        "category": "坚果炒货",
        "cate": "三只松鼠",
        "name": "三只松鼠盐焗腰果185gx2袋",
        "price": "￥61.90",
        "img": "http://www.hehe168.com/public/upload/photos/000/000/043/47/90badccffb2840ddab8f46417c9c3f608J9a8x.jpg",
        "url": "http://www.hehe168.com/m/details/id/6985",
        "summary": "腰果中维生素B1的含量仅次于芝麻和花生，有补充体力、消除疲劳的效果，适合易疲倦的人食用；腰果含丰富的维生素A，是优良的抗氧化剂，能使皮肤有光泽、气色变好；腰果还具有催乳的功效，有益于产后乳汁分泌不足的妇女。"
      }
    ]
  }
]