[
  {
    "img": "http://www.enanji.com/FCKeditorUpload/火爆热卖标准140(8).jpg",
    "title": "运得牌 猕猴桃味含气饮料 350ml",
    "url": "http://www.enanji.com/goods/5592.html",
    "price": "￥7 ",
    "category": "酒水饮料",
    "cate": "碳酸饮料",
    "category_child": [
      {
        "title": "碳酸饮料"
      },
      {
        "title": "果蔬汁饮料"
      },
      {
        "title": "茶饮料"
      },
      {
        "title": "乳类饮料"
      },
      {
        "title": "功能饮料"
      },
      {
        "title": "运得"
      },
      {
        "title": "芬芳"
      },
      {
        "title": "美年达"
      },
      {
        "title": "珍珍"
      },
      {
        "title":"葡萄酒"
      }
    ],
    "imgs": [
      "/upload/b8/0.216649001375404495_150x150.jpg",
      "/upload/b7/0.713290001375404510_150x150.jpg",
      "/upload/57/0.601158001375404526_150x150.jpg",
      "/upload/d9/0.144322001375404543_150x150.jpg"
    ],
    "summary": ""
  },
  {
    "img": "http://www.enanji.com/FCKeditorUpload/1(3072).jpg",
    "title": "燕皇 榴莲糖 200g 口味纯正",
    "url": "http://www.enanji.com/goods/5533.html",
    "price": "￥6",
    "category": "进口食品",
    "cate": "糖果",
    "category_child": [
      {
        "title": "糖果"
      },
      {
        "title": "巧克力"
      },
      {
        "title": "其他"
      },
      {
        "title": "如香惠香"
      },
      {
        "title": "HAMU"
      },
      {
        "title": "素手浣花"
      },
      {
        "title": "奥丽恩"
      },
      {
        "title": "利耕"
      },
      {
        "title": "好丽友"
      },
      {
        "title": "乐天"
      },
      {
        "title": "海太"
      },
      {
        "title": "百特菲"
      },
      {
        "title": "嘉云"
      },
      {
        "title": "BLINK"
      },
      {
        "title": "燕皇"
      },
      {
        "title":"面包"
      }
    ],
    "imgs": [
      "/upload/64/0.123829001373163327_150x150.jpg",
      "/upload/04/0.954291001373163337_150x150.jpg"
    ],
    "summary": "正宗越南特产，香浓甜蜜的越南榴莲糖，口味纯正哦，香甜可口，味道浓郁，甜而不腻，解馋而不易胖。榴莲是驰名的优质佳果。有\"流连（榴莲）忘返\"的美誉。榴莲产自热带地区，含有多种营养成分，被当地人视为\"热带果王\"。榴莲含有丰富的蛋白质和脂类，对机体有很好的补养作用，是良好的果品类营养来源。 "
  },
  {
    "img": "http://www.enanji.com//FCKeditorUpload/shuguogan140.jpg",
    "title": "越南进口 德诚综合蔬果干 250g ",
    "url": "http://www.enanji.com/goods/3774.html",
    "price": "￥15.0 ",
    "category": "进口食品",
    "cate": "果冻果干",
    "category_child": [
      {
        "title": "膨化食品"
      },
      {
        "title": "海味零食"
      },
      {
        "title": "果冻果干"
      },
      {
        "title": "豆类花生"
      },
      {
        "title": "干脆面"
      },
      {
        "title": "其他"
      },
      {
        "title": "一番"
      },
      {
        "title": "7D"
      },
      {
        "title": "富达"
      },
      {
        "title": "AK皇冠"
      },
      {
        "title": "榴的华"
      },
      {
        "title": "德诚"
      },
      {
        "title": "可康"
      },
      {
        "title": "可康牌"
      },
      {
        "title": "东升"
      },
      {
        "title": "优酪果园"
      },
      {
        "title": "阳光少女"
      },
      {
        "title": "7M"
      }
    ],
    "imgs": [
      "/upload/1b/0.616019001384412703_150x150.jpg"
    ],
    "summary": ""
  },
  {
    "img": "http://www.enanji.com/FCKeditorUpload/火爆热卖标准140(9).jpg",
    "title": "中越泰 椰蓉酥 130g，香脆可口，回味无穷",
    "url": "http://www.enanji.com/goods/5529.html",
    "price": "￥16.9",
    "category": "进口食品",
    "cate": "其他",
    "category_child": [
      {
        "title": "饼干"
      },
      {
        "title": "蛋卷"
      },
      {
        "title": "曲奇"
      },
      {
        "title": "威化"
      },
      {
        "title": "蛋糕/派"
      },
      {
        "title": "其他"
      },
      {
        "title": "Tipo"
      },
      {
        "title": "味之旅"
      },
      {
        "title": "卡比风情"
      },
      {
        "title": "中越泰"
      }
    ],
    "imgs": [
      "/upload/a0/0.973768001375101136_150x150.jpg"
    ],
    "summary": "\n越南胡志明市泉记饼家 \n"
  },
  {
    "img": "http://www.enanji.com/FCKeditorUpload/2(1048).jpg",
    "title": "韩国 清净园海苔 2.3g*10小袋",
    "url": "http://www.enanji.com/goods/4228.html",
    "price": "￥9.5",
    "category": "进口食品",
    "cate": "海味零食",
    "category_child": [
      {
        "title": "膨化食品"
      },
      {
        "title": "海味零食"
      },
      {
        "title": "果冻果干"
      },
      {
        "title": "豆类花生"
      },
      {
        "title": "干脆面"
      },
      {
        "title": "其他"
      },
      {
        "title": "清净园"
      },
      {
        "title": "ZEK"
      },
      {
        "title": "每日生机"
      },
      {
        "title": "海飘"
      }
    ],
    "imgs": [
      "/upload/d2/0.473769001344938385_150x150.jpg",
      "/upload/bf/0.713016001344938982_150x150.jpg",
      "/upload/2a/0.692810001344938988_150x150.jpg",
      "/upload/e1/0.325253001331023647_150x150.jpg"
    ],
    "summary": ""
  },
  {
    "img": "http://www.enanji.com/FCKeditorUpload/1(3071).jpg",
    "title": "韩国好丽友 葡萄QQ糖 53g ",
    "url": "http://www.enanji.com/goods/4346.html",
    "price": "￥6",
    "category": "进口食品",
    "cate": "糖果",
    "category_child": [
      {
        "title": "糖果"
      },
      {
        "title": "巧克力"
      },
      {
        "title": "其他"
      },
      {
        "title": "如香惠香"
      },
      {
        "title": "HAMU"
      },
      {
        "title": "素手浣花"
      },
      {
        "title": "奥丽恩"
      },
      {
        "title": "利耕"
      },
      {
        "title": "好丽友"
      },
      {
        "title": "乐天"
      },
      {
        "title": "海太"
      },
      {
        "title": "百特菲"
      },
      {
        "title": "嘉云"
      },
      {
        "title": "BLINK"
      },
      {
        "title": "燕皇"
      }
    ],
    "imgs": [
      "/upload/9f/0.807810001387416744_150x150.jpg"
    ],
    "summary": ""
  },
  {
    "img": "http://www.enanji.com/FCKeditorUpload/1(3070).jpg",
    "title": "马来西亚 御之味 香浓海苔大饼 175g",
    "url": "http://www.enanji.com/goods/5032.html",
    "price": "￥7",
    "category": "进口食品",
    "cate": "饼干",
    "category_child": [
      {
        "title": "饼干"
      },
      {
        "title": "蛋卷"
      },
      {
        "title": "曲奇"
      },
      {
        "title": "威化"
      },
      {
        "title": "蛋糕/派"
      },
      {
        "title": "其他"
      },
      {
        "title": "品味本铺"
      },
      {
        "title": "蔓越莓"
      },
      {
        "title": "御之味"
      },
      {
        "title": "皮皮熊"
      },
      {
        "title": "好丽友"
      },
      {
        "title": "味觉小子"
      },
      {
        "title": "乐天"
      },
      {
        "title": "AJI"
      },
      {
        "title": "特鲜"
      },
      {
        "title": "奥里恩"
      },
      {
        "title": "果子町"
      },
      {
        "title": "茱莉美旋律"
      },
      {
        "title": "明治"
      },
      {
        "title": "万利"
      }
    ],
    "imgs": [
      "/upload/8a/0.754921001352940192_150x150.jpg",
      "/upload/8f/0.325383001352940197_150x150.jpg"
    ],
    "summary": ""
  },
  {
    "img": "http://www.enanji.com/FCKeditorUpload/170限时折扣(1).jpg",
    "title": "南益 柠檬口味威化饼 200g 自带密封压条",
    "url": "http://www.enanji.com/goods/5600.html",
    "price": "￥16",
    "category": "进口食品",
    "cate": "威化",
    "category_child": [
      {
        "title": "饼干"
      },
      {
        "title": "蛋卷"
      },
      {
        "title": "曲奇"
      },
      {
        "title": "威化"
      },
      {
        "title": "蛋糕/派"
      },
      {
        "title": "其他"
      },
      {
        "title": "杰斯"
      },
      {
        "title": "宏亚77"
      },
      {
        "title": "南益"
      }
    ],
    "imgs": [
      "/upload/01/0.078660001374889701_150x150.jpg"
    ],
    "summary": ""
  },
  {
    "img": "http://www.enanji.com/FCKeditorUpload/1(3073).jpg",
    "title": "徐福记 蛋黄沙琪玛 32g",
    "url": "http://www.enanji.com/goods/5739.html",
    "price": "￥1.6",
    "category": "休闲食品",
    "cate": "沙琪玛",
    "category_child": [
      {
        "title": "饼干"
      },
      {
        "title": "蛋卷"
      },
      {
        "title": "曲奇"
      },
      {
        "title": "威化"
      },
      {
        "title": "沙琪玛"
      },
      {
        "title": "蛋糕派"
      },
      {
        "title": "中式糕点"
      },
      {
        "title": "其他"
      },
      {
        "title": "徐福记"
      }
    ],
    "imgs": [
      "/upload/4d/0.004581001381470941_150x150.jpg",
      "/upload/fd/0.402459001381470964_150x150.jpg"
    ],
    "summary": ""
  },
  {
    "img": "http://www.enanji.com/FCKeditorUpload/3(728).jpg",
    "title": "印尼千层蛋糕（香椰味） 单块",
    "url": "http://www.enanji.com/goods/5242.html",
    "price": "￥2.2",
    "category": "休闲食品",
    "cate": "蛋糕派",
    "category_child": [
      {
        "title": "饼干"
      },
      {
        "title": "蛋卷"
      },
      {
        "title": "曲奇"
      },
      {
        "title": "威化"
      },
      {
        "title": "沙琪玛"
      },
      {
        "title": "蛋糕派"
      },
      {
        "title": "中式糕点"
      },
      {
        "title": "其他"
      },
      {
        "title": "苏格格"
      },
      {
        "title": "印尼"
      },
      {
        "title": "好丽友"
      },
      {
        "title": "宏亚"
      }
    ],
    "imgs": [
      "/upload/80/0.610219001369644095_150x150.jpg",
      "/upload/71/0.779700001369644123_150x150.jpg",
      "/upload/89/0.606926001369644134_150x150.jpg"
    ],
    "summary": ""
  },
  {
    "img": "http://www.enanji.com/FCKeditorUpload/1(3074).jpg",
    "title": "华声儿童乐饼干 100g",
    "url": "http://www.enanji.com/goods/5803.html",
    "price": "￥2.5 ",
    "category": "休闲食品",
    "cate": "饼干",
    "category_child": [
      {
        "title": "饼干"
      },
      {
        "title": "蛋卷"
      },
      {
        "title": "曲奇"
      },
      {
        "title": "威化"
      },
      {
        "title": "沙琪玛"
      },
      {
        "title": "蛋糕派"
      },
      {
        "title": "中式糕点"
      },
      {
        "title": "其他"
      },
      {
        "title": "品味本铺"
      },
      {
        "title": "AJI "
      },
      {
        "title": "澳崎熊"
      },
      {
        "title": "AJI尼西亚"
      },
      {
        "title": "卡夫"
      },
      {
        "title": "康师傅"
      },
      {
        "title": "米老头"
      },
      {
        "title": "华声"
      },
      {
        "title": "上好仁真"
      },
      {
        "title": "茱莉"
      },
      {
        "title": "万利"
      }
    ],
    "imgs": [
      "/upload/01/0.655842001376014469_150x150.jpg"
    ],
    "summary": "沈阳食品厂 "
  },
  {
    "img": "http://www.enanji.com/FCKeditorUpload/1(3075).jpg",
    "title": "溜溜梅 冰梅条 30g 冰爽醉心",
    "url": "http://www.enanji.com/goods/5962.html",
    "price": "￥3.5",
    "category": "休闲食品",
    "cate": "梅类制品",
    "category_child": [
      {
        "title": "薯类果脯"
      },
      {
        "title": "梅类制品"
      },
      {
        "title": "山楂枣类"
      },
      {
        "title": "葡萄类"
      },
      {
        "title": "其他"
      },
      {
        "title": "西门町"
      },
      {
        "title": "超越牌"
      },
      {
        "title": "蓝雨牌"
      },
      {
        "title": "溜溜梅"
      }
    ],
    "imgs": [
      "/upload/3d/0.936079001378971757_150x150.jpg",
      "/upload/78/0.107801001378971766_150x150.jpg"
    ],
    "summary": ""
  },
  {
    "img": "http://www.enanji.com/FCKeditorUpload/1(3076).jpg",
    "title": "康师傅3+2苏打夹心饼干（香草巧克力味）125g",
    "url": "http://www.enanji.com/goods/5505.html",
    "price": "￥4.9",
    "category": "休闲食品",
    "cate": "饼干",
    "category_child": [
      {
        "title": "饼干"
      },
      {
        "title": "蛋卷"
      },
      {
        "title": "曲奇"
      },
      {
        "title": "威化"
      },
      {
        "title": "沙琪玛"
      },
      {
        "title": "蛋糕派"
      },
      {
        "title": "中式糕点"
      },
      {
        "title": "其他"
      },
      {
        "title": "品味本铺"
      },
      {
        "title": "AJI "
      },
      {
        "title": "澳崎熊"
      },
      {
        "title": "AJI尼西亚"
      },
      {
        "title": "卡夫"
      },
      {
        "title": "康师傅"
      },
      {
        "title": "米老头"
      },
      {
        "title": "华声"
      },
      {
        "title": "上好仁真"
      },
      {
        "title": "茱莉"
      },
      {
        "title": "万利"
      }
    ],
    "imgs": [
      "/upload/95/0.170575001374199964_150x150.jpg"
    ],
    "summary": "\n康师傅控股有限公司（「本公司」）及其附属公司（「本集团」）主要在中国从事生产和销售方便面、饮品及糕饼。本集团于1992年开始生产方便面，并自1996年起扩大业务至糕饼及饮品；目前本集团的三大品项产品，皆已在中国食品市场占有显著的市场地位。根据AC Nielson 2012 年12 月报告指出，以销售量为基准，本集团于中国的方便面及即饮茶饮料的市场占有率分别为43.8%和47.5%， 稳居市场第一位； 包装水、稀释果汁、碳酸饮料及夹心饼干之市场占有率分别为20.6%、27.0%、33.9%和24.4%，居同类产品市场的第二位。「康师傅」作为中国家喻户晓的品牌，经过多年的耕耘与积累，深受中国消费者喜爱和支持。\n \n2012 年，康师傅连续五年获得福布斯亚洲50 强称号，同时连续第十年荣获英国InterBrand 评审的「台湾国际品牌价值调查」前五名，品牌价值高达13.08 亿美元。此外「康师傅」蝉联第三届食品行业「3.15」网友最信赖十大食品品牌，并荣获华夏时报评选的「引领未来的中国品牌」称号。这些荣誉的获得，不仅是对康师傅品牌力、竞争力的肯定，更激励着我们不断努力，致力于为消费者提供更丰富、美味、安心的产品，以回报社会和消费者对康师傅的信任与喜爱。\n \n康师傅一直将生产安全美味的产品视为食品企业的良心所在，把食品安全风险控制作为重中之重，脚踏实地地做好食品安全保障工作。康师傅秉持「从农田到餐桌」的全程质量控制理念，从源头着手建立安全防线，为消费者筑起一道坚实的食品安全屏障。在2012 年第十届中国食品安全年会上康师傅斩获「中国食品产业链安全建设先进单位」等三项大奖，这也是本公司连续第五年获得年会嘉奖。\n \n康师傅秉承「取之于民，用之于民，回馈社会，永续经营」之道，自公司创立20 年来，持续投入教育、救灾、扶贫、环保、两岸文化交流等社会公益事业。2012 年3 月，本公司和国内最大的网络门户媒体搜狐再度启动新一届「创响新生代」康师傅创新挑战赛，助力中国青年的公益事业发展。康师傅希望通过自身的努力能够激励更多的青年心怀公益之心，用创意、用实践实现公益梦想，奉献社会，使公益的精神与行动能够持之以恒地传递下去。康师傅创新挑战赛留学公益项在「中国最佳公共关系案例大赛」目获「公益传播」银奖，于2012 年11 月康师傅同时荣获健康中国2012 公益项目创新奖。\n \n长久以来，本集团不断完善遍布全国各地的销售网络，令新产品更加快速、有效地登陆市场，使得集团产品始终处于行业领先地位。截至2012年12月底，本集团共拥有571个营业所及95个仓库以服务32,424家经销商及107,131家直营零售商。\n \n本集团于1996 年2 月在香港联合交易所有限公司上市。两大控股股东为顶新（开曼岛）控股有限公司和三洋食品株式会社。于2012 年12 月31 日， 本公司之市值为155 亿美元。现时本公司已被纳入英国富时指数中亚太区（除日本外）的成分股、摩根士丹利资本国际(MSCI) 香港成分股指数及恒生指数蓝筹股行列。\n\n今后，本集团仍将发展焦点集中于食品制造、营销及流通行业，并继续强化通路与销售系统网络，以建立「全球最大中式方便食品及饮品集团」为奋斗目标。\n \n"
  },
  {
    "img": "http://www.enanji.com/FCKeditorUpload/1(2971).jpg",
    "title": "有友 山椒凤爪 80g",
    "url": "http://www.enanji.com/goods/5519.html",
    "price": "￥5.5 ",
    "category": "肉类熟食",
    "cate": "凤爪猪蹄",
    "category_child": [
      {
        "title": "香肠火腿"
      },
      {
        "title": "罐头熟食"
      },
      {
        "title": "肉松肉干"
      },
      {
        "title": "凤爪猪蹄"
      },
      {
        "title": "板筋熏鱼"
      },
      {
        "title": "其他"
      },
      {
        "title": "徽家铺子"
      },
      {
        "title": "有友"
      }
    ],
    "imgs": [
      "/upload/23/0.038097001374214009_150x150.jpg",
      "/upload/a9/0.773357001374214018_150x150.jpg"
    ],
    "summary": "\n\n"
  },
  {
    "img": "http://www.enanji.com//FCKeditorUpload/xiaotuguoba.jpg",
    "title": "狗牙儿 天津锅巴 130g",
    "url": "http://www.enanji.com/goods/5470.html",
    "price": "￥5 ",
    "category": "休闲食品",
    "cate": "锅巴/虾条",
    "category_child": [
      {
        "title": "薯片/薯条"
      },
      {
        "title": "锅巴/虾条"
      },
      {
        "title": "烤馍/面包干"
      },
      {
        "title": "米饼/雪饼/爆米花"
      },
      {
        "title": "干脆面"
      },
      {
        "title": "其他"
      },
      {
        "title": "狗牙儿"
      }
    ],
    "imgs": [
      "/upload/c4/0.940308001371787108_150x150.jpg"
    ],
    "summary": "天津市龙康食品有限责任公司，前身是天津市龙康食品厂，始建于1995年6月。2003年4月18日改制为股份制公司，2004年7月迁入新址--天津市独流莲花工业园，占地面积6万平方米，标准厂房22000平方米，更新、改造生产设备150台套，总投资8000万元，现有职工450人，是一家经营多年，有现代食品工业经营理念的食品企业，产品形成10大系列，40多种规格，行销全国36多个省市、地区，年销售额1.6亿余元。地址： 天津市静海县独流镇莲花工业区 "
  },
  {
    "img": "http://www.enanji.com/FCKeditorUpload/1(3077).jpg",
    "title": "金丝猴奶糖 88g",
    "url": "http://www.enanji.com/goods/5574.html",
    "price": "￥5.5",
    "category": "休闲食品",
    "cate": "糖果",
    "category_child": [
      {
        "title": "糖果"
      },
      {
        "title": "巧克力"
      },
      {
        "title": "奶制品"
      },
      {
        "title": "其他"
      },
      {
        "title": "好利源"
      },
      {
        "title": "怡口莲"
      },
      {
        "title": "不二家"
      },
      {
        "title": "友芙"
      },
      {
        "title": "好亲家"
      },
      {
        "title": "徐福记"
      },
      {
        "title": "不老林"
      },
      {
        "title": " 眼睛渴了"
      },
      {
        "title": "眼睛渴了"
      },
      {
        "title": "好亲家牌"
      },
      {
        "title": "金丝猴"
      },
      {
        "title": "上好佳"
      },
      {
        "title": "益达"
      }
    ],
    "imgs": [
      "/upload/17/0.265527001375114240_150x150.jpg"
    ],
    "summary": ""
  },
  {
    "img": "http://www.enanji.com/FCKeditorUpload/1(2967).jpg",
    "title": "印尼千层蛋糕（芝士味） 单块",
    "url": "http://www.enanji.com/goods/5239.html",
    "price": "￥2.2 ",
    "category": "休闲食品",
    "cate": "蛋糕派",
    "category_child": [
      {
        "title": "饼干"
      },
      {
        "title": "蛋卷"
      },
      {
        "title": "曲奇"
      },
      {
        "title": "威化"
      },
      {
        "title": "沙琪玛"
      },
      {
        "title": "蛋糕派"
      },
      {
        "title": "中式糕点"
      },
      {
        "title": "其他"
      },
      {
        "title": "苏格格"
      },
      {
        "title": "印尼"
      },
      {
        "title": "好丽友"
      },
      {
        "title": "宏亚"
      }
    ],
    "imgs": [
      "/upload/19/0.113478001369642718_150x150.jpg",
      "/upload/00/0.850676001369642733_150x150.jpg"
    ],
    "summary": ""
  },
  {
    "img": "http://www.enanji.com/FCKeditorUpload/1(2858).jpg",
    "title": "卡夫奥利奥饼干 原味夹心130g 柔滑夹心",
    "url": "http://www.enanji.com/goods/5446.html",
    "price": "￥6.00 ",
    "category": "休闲食品",
    "cate": "饼干",
    "category_child": [
      {
        "title": "饼干"
      },
      {
        "title": "蛋卷"
      },
      {
        "title": "曲奇"
      },
      {
        "title": "威化"
      },
      {
        "title": "沙琪玛"
      },
      {
        "title": "蛋糕派"
      },
      {
        "title": "中式糕点"
      },
      {
        "title": "其他"
      },
      {
        "title": "品味本铺"
      },
      {
        "title": "AJI "
      },
      {
        "title": "澳崎熊"
      },
      {
        "title": "AJI尼西亚"
      },
      {
        "title": "卡夫"
      },
      {
        "title": "康师傅"
      },
      {
        "title": "米老头"
      },
      {
        "title": "华声"
      },
      {
        "title": "上好仁真"
      },
      {
        "title": "茱莉"
      },
      {
        "title": "万利"
      }
    ],
    "imgs": [
      "/upload/7b/0.981038001371093439_150x150.jpg"
    ],
    "summary": "　　卡夫食品（纽约证券交易所上市代码：KFT）是引领全球的品牌食品和饮料制造商。在100多年的历程中，卡夫凭借其优质的产品和创新的能力已经发展成为北美第一大，也是世界第二大食品和饮料公司，在全球155个国家中销售其众多的知名品牌产品。 卡夫食品在全球70个国家拥有超过94000名员工，9个全球研发中心，许多区域性研发中心和约175家工厂。虽然公司总部位于美国，但是公司一直高度重视发展包括大中华区在内的快速成长的发展中国家市场（大中华区包括中国大陆、香港和台湾）。 "
  },
  {
    "img": "http://www.enanji.com//FCKeditorUpload/4288rousongjuanzicaiwei.jpg",
    "title": "澳门 车厘哥夫肉松蛋卷 250g （紫菜味）",
    "url": "http://www.enanji.com/goods/4288.html",
    "price": "￥18.8",
    "category": "进口食品",
    "cate": "蛋卷",
    "category_child": [
      {
        "title": "饼干"
      },
      {
        "title": "蛋卷"
      },
      {
        "title": "曲奇"
      },
      {
        "title": "威化"
      },
      {
        "title": "蛋糕/派"
      },
      {
        "title": "其他"
      },
      {
        "title": "车厘哥夫"
      },
      {
        "title": "茱莉美旋律"
      }
    ],
    "imgs": [
      "/upload/31/0.419249001353900104_150x150.jpg",
      "/upload/2f/0.863668001353900018_150x150.jpg",
      "/upload/52/0.481311001353900028_150x150.jpg"
    ],
    "summary": ""
  },
  {
    "img": "http://www.enanji.com//FCKeditorUpload/kangshifuyaxinbinggan.jpg",
    "title": "康师傅3+2苏打夹心饼干（清新柠檬味）125g",
    "url": "http://www.enanji.com/goods/5509.html",
    "price": "￥4.9 ",
    "category": "休闲食品",
    "cate": "饼干",
    "category_child": [
      {
        "title": "饼干"
      },
      {
        "title": "蛋卷"
      },
      {
        "title": "曲奇"
      },
      {
        "title": "威化"
      },
      {
        "title": "沙琪玛"
      },
      {
        "title": "蛋糕派"
      },
      {
        "title": "中式糕点"
      },
      {
        "title": "其他"
      },
      {
        "title": "品味本铺"
      },
      {
        "title": "AJI "
      },
      {
        "title": "澳崎熊"
      },
      {
        "title": "AJI尼西亚"
      },
      {
        "title": "卡夫"
      },
      {
        "title": "康师傅"
      },
      {
        "title": "米老头"
      },
      {
        "title": "华声"
      },
      {
        "title": "上好仁真"
      },
      {
        "title": "茱莉"
      },
      {
        "title": "万利"
      }
    ],
    "imgs": [
      "/upload/6c/0.499587001373502851_150x150.jpg"
    ],
    "summary": "\n康师傅控股有限公司（「本公司」）及其附属公司（「本集团」）主要在中国从事生产和销售方便面、饮品及糕饼。本集团于1992年开始生产方便面，并自1996年起扩大业务至糕饼及饮品；目前本集团的三大品项产品，皆已在中国食品市场占有显著的市场地位。根据AC Nielson 2012 年12 月报告指出，以销售量为基准，本集团于中国的方便面及即饮茶饮料的市场占有率分别为43.8%和47.5%， 稳居市场第一位； 包装水、稀释果汁、碳酸饮料及夹心饼干之市场占有率分别为20.6%、27.0%、33.9%和24.4%，居同类产品市场的第二位。「康师傅」作为中国家喻户晓的品牌，经过多年的耕耘与积累，深受中国消费者喜爱和支持。\n \n2012 年，康师傅连续五年获得福布斯亚洲50 强称号，同时连续第十年荣获英国InterBrand 评审的「台湾国际品牌价值调查」前五名，品牌价值高达13.08 亿美元。此外「康师傅」蝉联第三届食品行业「3.15」网友最信赖十大食品品牌，并荣获华夏时报评选的「引领未来的中国品牌」称号。这些荣誉的获得，不仅是对康师傅品牌力、竞争力的肯定，更激励着我们不断努力，致力于为消费者提供更丰富、美味、安心的产品，以回报社会和消费者对康师傅的信任与喜爱。\n \n康师傅一直将生产安全美味的产品视为食品企业的良心所在，把食品安全风险控制作为重中之重，脚踏实地地做好食品安全保障工作。康师傅秉持「从农田到餐桌」的全程质量控制理念，从源头着手建立安全防线，为消费者筑起一道坚实的食品安全屏障。在2012 年第十届中国食品安全年会上康师傅斩获「中国食品产业链安全建设先进单位」等三项大奖，这也是本公司连续第五年获得年会嘉奖。\n \n康师傅秉承「取之于民，用之于民，回馈社会，永续经营」之道，自公司创立20 年来，持续投入教育、救灾、扶贫、环保、两岸文化交流等社会公益事业。2012 年3 月，本公司和国内最大的网络门户媒体搜狐再度启动新一届「创响新生代」康师傅创新挑战赛，助力中国青年的公益事业发展。康师傅希望通过自身的努力能够激励更多的青年心怀公益之心，用创意、用实践实现公益梦想，奉献社会，使公益的精神与行动能够持之以恒地传递下去。康师傅创新挑战赛留学公益项在「中国最佳公共关系案例大赛」目获「公益传播」银奖，于2012 年11 月康师傅同时荣获健康中国2012 公益项目创新奖。\n \n长久以来，本集团不断完善遍布全国各地的销售网络，令新产品更加快速、有效地登陆市场，使得集团产品始终处于行业领先地位。截至2012年12月底，本集团共拥有571个营业所及95个仓库以服务32,424家经销商及107,131家直营零售商。\n \n本集团于1996 年2 月在香港联合交易所有限公司上市。两大控股股东为顶新（开曼岛）控股有限公司和三洋食品株式会社。于2012 年12 月31 日， 本公司之市值为155 亿美元。现时本公司已被纳入英国富时指数中亚太区（除日本外）的成分股、摩根士丹利资本国际(MSCI) 香港成分股指数及恒生指数蓝筹股行列。\n\n今后，本集团仍将发展焦点集中于食品制造、营销及流通行业，并继续强化通路与销售系统网络，以建立「全球最大中式方便食品及饮品集团」为奋斗目标。\n \n"
  },
  {
    "img": "http://www.enanji.com/FCKeditorUpload/2(991).jpg",
    "title": "好丽友Q蒂 榛子巧克力味蛋糕 6枚装",
    "url": "http://www.enanji.com/goods/5459.html",
    "price": "￥13.5",
    "category": "休闲食品",
    "cate": "蛋糕派",
    "category_child": [
      {
        "title": "饼干"
      },
      {
        "title": "蛋卷"
      },
      {
        "title": "曲奇"
      },
      {
        "title": "威化"
      },
      {
        "title": "沙琪玛"
      },
      {
        "title": "蛋糕派"
      },
      {
        "title": "中式糕点"
      },
      {
        "title": "其他"
      },
      {
        "title": "苏格格"
      },
      {
        "title": "印尼"
      },
      {
        "title": "好丽友"
      },
      {
        "title": "宏亚"
      }
    ],
    "imgs": [
      "/upload/9c/0.211234001371085966_150x150.jpg"
    ],
    "summary": "　1995年12月，好丽友食品有限公司成立，成为好丽友（中国）事业的开端。17年来，好丽友从无到有，逐渐成长为拥有五家独立法人企业，跨越四个品类，渠道遍及全国，年销售额超过50亿元的综合性食品企业，最近10年平均增长率超过40%。 尼尔森零售研究结果表明，2012年，在全国现代通路（Modern Trade），好丽友派类产品市场占有率稳居第一，遥遥领先于排名第二的厂商。口香糖占据了第二的位置。饼干业务继续高速成长，已排名前五。历经7年的努力，好丽友在膨化品类已站稳脚跟，并逐步向第一集团靠近。 成绩的取得，在于好丽友秉承\"培育人才、创造价值、奉献社会\"的经营理念。在日常经营中，好丽友始终坚持Only Orion精神，专注于核心品牌的发展，通过差异化（Differentiation）、选择与集中（Choice & Focus）、步步为盈（Step by Step）以及本地化（Localization）战略营造顾客满意（Customers' Satisfaction）。 市场上的成功为好丽友赢得了荣誉和尊重。2008年4月，国家商标局认定\"好丽友\"为驰名商标。2010年4月以来，好丽友派、好多鱼、蘑古力、薯愿、好友趣等产品陆续被中国食品工业协会和国家质量监督检验中心认定为行业\"金牌糕点\"、\"金牌饼干\"和\"金牌膨化食品\"。同时，好丽友还在中国食品工业协会以及中国焙烤食品糖制品工业协会中担任重要职务，积极为行业发展贡献自己的力量。 "
  },
  {
    "img": "http://www.enanji.com//FCKeditorUpload/4961xingqiubei.jpg",
    "title": "甜甜乐星球杯 (巧克力浆+饼干粒) 950g",
    "url": "http://www.enanji.com/goods/4961.html",
    "price": "￥20 ",
    "category": "休闲食品",
    "cate": "其他",
    "category_child": [
      {
        "title": "糖果"
      },
      {
        "title": "巧克力"
      },
      {
        "title": "奶制品"
      },
      {
        "title": "其他"
      },
      {
        "title": "士力架"
      },
      {
        "title": "百诺"
      },
      {
        "title": "雀巢"
      },
      {
        "title": "甜甜乐"
      },
      {
        "title": "好丽友"
      }
    ],
    "imgs": [
      "/upload/40/0.715134001351043103_150x150.jpg",
      "/upload/83/0.464087001351043108_150x150.jpg",
      "/upload/3c/0.068981001351043117_150x150.jpg",
      "/upload/05/0.797019001351043154_150x150.jpg"
    ],
    "summary": ""
  },
  {
    "img": "http://www.enanji.com/FCKeditorUpload/1(2968).jpg",
    "title": "旺旺小小酥 原味 60g",
    "url": "http://www.enanji.com/goods/5776.html",
    "price": "￥3.5",
    "category": "休闲食品",
    "cate": "其他",
    "category_child": [
      {
        "title": "薯片/薯条"
      },
      {
        "title": "锅巴/虾条"
      },
      {
        "title": "烤馍/面包干"
      },
      {
        "title": "米饼/雪饼/爆米花"
      },
      {
        "title": "干脆面"
      },
      {
        "title": "其他"
      },
      {
        "title": "旺旺"
      }
    ],
    "imgs": [
      "/upload/d4/0.190681001378886242_150x150.jpg"
    ],
    "summary": ""
  },
  {
    "img": "http://www.enanji.com/FCKeditorUpload/1(2860).jpg",
    "title": "怡达山楂饼 雪梨味 138g",
    "url": "http://www.enanji.com/goods/5560.html",
    "price": "￥5.8 ",
    "category": "休闲食品",
    "cate": "山楂枣类",
    "category_child": [
      {
        "title": "薯类果脯"
      },
      {
        "title": "梅类制品"
      },
      {
        "title": "山楂枣类"
      },
      {
        "title": "葡萄类"
      },
      {
        "title": "其他"
      },
      {
        "title": "福君山"
      },
      {
        "title": "维之王"
      },
      {
        "title": "九顶塔"
      },
      {
        "title": "山楂の之恋"
      },
      {
        "title": "怡达"
      }
    ],
    "imgs": [
      "/upload/23/0.298489001375111719_150x150.jpg"
    ],
    "summary": "\"怡达\"之名出自清乾隆年间，乾隆到承德避暑期间，巧食了这里的山楂，觉此果清爽适口，还有消食清火之功效，便称赞道\"怡色怡味，达心达情\"，当即赐名曰\"怡达红\"，而其产地便就此被称为\"怡达山\"，一时间\"怡达红\"成为宫廷贡礼之上选。 众所周知，举世闻名的避暑山庄座落于河北承德，自古以来承德为避暑胜地，人杰地灵，而正是承德得天独厚的气候条件，富含微量元素及矿物质的土壤，以及燕山的纯净甘泉，孕育出珍贵的\"怡达红\"山楂品种，因此素有天下山楂在承德，承德山楂在怡达的说法。 "
  },
  {
    "img": "http://www.enanji.com/FCKeditorUpload/2(1000).jpg",
    "title": "同宣宁 宁夏枸杞 200g",
    "url": "http://www.enanji.com/goods/5986.html",
    "price": "￥30",
    "category": "坚果炒货",
    "cate": "枸杞",
    "category_child": [
      {
        "title": "枸杞"
      },
      {
        "title": "大枣类"
      },
      {
        "title": "蜂蜜"
      },
      {
        "title": "其他"
      },
      {
        "title": "塞上百特 "
      },
      {
        "title": "同宣宁"
      },
      {
        "title":"三只松鼠"
      }
    ],
    "imgs": [
      "/upload/74/0.289763001381477729_150x150.jpg",
      "/upload/7b/0.442024001381477734_150x150.jpg"
    ],
    "summary": ""
  },
  {
    "img": "http://www.enanji.com/FCKeditorUpload/05(2).jpg",
    "title": "鹰鹿牌 俄罗斯开口松子 500g ",
    "url": "http://www.enanji.com/goods/4289.html",
    "price": "￥55 ",
    "category": "坚果炒货",
    "cate": "松子",
    "category_child": [
      {
        "title": "核桃"
      },
      {
        "title": "腰果"
      },
      {
        "title": "开心果"
      },
      {
        "title": "杏仁"
      },
      {
        "title": "松子"
      },
      {
        "title": "榛子"
      },
      {
        "title": "板栗"
      },
      {
        "title": "莲子"
      },
      {
        "title": "其他"
      },
      {
        "title": "君鑫干果"
      },
      {
        "title": "鹰鹿牌"
      },
      {
        "title": "爱嗑"
      },
      {
        "title": "龙江王"
      },
      {
        "title": "鹰鹿"
      }
    ],
    "imgs": [
      "/upload/7c/0.013723001384394064_150x150.jpg",
      "/upload/41/0.509378001321884309_150x150.jpg"
    ],
    "summary": ""
  },
  {
    "img": "http://www.enanji.com/FCKeditorUpload/01(10).jpg",
    "title": "慈蜂堂 东北黑蜂雪蜜 750g ",
    "url": "http://www.enanji.com/goods/4778.html",
    "price": "￥56.0 ",
    "category": "坚果炒货",
    "cate": "蜂蜜",
    "category_child": [
      {
        "title": "枸杞"
      },
      {
        "title": "大枣类"
      },
      {
        "title": "蜂蜜"
      },
      {
        "title": "其他"
      },
      {
        "title": "慈蜂堂"
      },
      {
        "title": "开森"
      }
    ],
    "imgs": [
      "/upload/d2/0.038974001373439729_150x150.jpg"
    ],
    "summary": ""
  },
  {
    "img": "http://www.enanji.com/FCKeditorUpload/1(2982).jpg",
    "title": "昆仑山 和田玉枣五星 500g",
    "url": "http://www.enanji.com/goods/2792.html",
    "price": "￥49.8 ",
    "category": "坚果炒货",
    "cate": "大枣类",
    "category_child": [
      {
        "title": "枸杞"
      },
      {
        "title": "大枣类"
      },
      {
        "title": "蜂蜜"
      },
      {
        "title": "其他"
      },
      {
        "title": "御园枣花香"
      },
      {
        "title": "绿洲玉"
      },
      {
        "title": "昆仑山"
      },
      {
        "title": "枣花香"
      },
      {
        "title": "乌昌"
      }
    ],
    "imgs": [
      "/upload/47/0.238534001369795514_150x150.jpg"
    ],
    "summary": ""
  },
  {
    "img": "http://www.enanji.com/FCKeditorUpload/1(2983).jpg",
    "title": "甘源系列 麻辣蚕豆 500g",
    "url": "http://www.enanji.com/goods/2723.html",
    "price": "￥15",
    "category": "坚果炒货",
    "cate": "青豆",
    "category_child": [
      {
        "title": "青豆"
      },
      {
        "title": "瓜子仁"
      },
      {
        "title": "花生"
      },
      {
        "title": "芝麻"
      },
      {
        "title": "其他"
      },
      {
        "title": "甘源"
      },
      {
        "title": "JEONG WOO牌"
      },
      {
        "title": "W.L."
      },
      {
        "title": "旺旺"
      }
    ],
    "imgs": [
      "/upload/52/0.405710001330135814_150x150.jpg",
      "/upload/0b/0.866013001330135828_150x150.jpg"
    ],
    "summary": ""
  },
  {
    "img": "http://www.enanji.com/FCKeditorUpload/1(3001).jpg",
    "title": "老顽童全自然开口开心果 480g",
    "url": "http://www.enanji.com/goods/5135.html",
    "price": "￥120",
    "category": "坚果炒货",
    "cate": "开心果",
    "category_child": [
      {
        "title": "核桃"
      },
      {
        "title": "腰果"
      },
      {
        "title": "开心果"
      },
      {
        "title": "杏仁"
      },
      {
        "title": "松子"
      },
      {
        "title": "榛子"
      },
      {
        "title": "板栗"
      },
      {
        "title": "莲子"
      },
      {
        "title": "其他"
      },
      {
        "title": "君鑫"
      },
      {
        "title": "君鑫干果"
      },
      {
        "title": "龙江王"
      },
      {
        "title": "佰仕乐"
      },
      {
        "title": "老顽童"
      }
    ],
    "imgs": [
      "/upload/c5/0.124602001389841170_150x150.jpg",
      "/upload/b1/0.056442001389841181_150x150.jpg"
    ],
    "summary": ""
  },
  {
    "img": "http://www.enanji.com/FCKeditorUpload/火爆热卖标准140(22).jpg",
    "title": "佳斌 琥珀核桃 280g（香甜）",
    "url": "http://www.enanji.com/goods/4163.html",
    "price": "￥27",
    "category": "坚果炒货",
    "cate": "核桃",
    "category_child": [
      {
        "title": "核桃"
      },
      {
        "title": "腰果"
      },
      {
        "title": "开心果"
      },
      {
        "title": "杏仁"
      },
      {
        "title": "松子"
      },
      {
        "title": "榛子"
      },
      {
        "title": "板栗"
      },
      {
        "title": "莲子"
      },
      {
        "title": "其他"
      },
      {
        "title": "佰仕乐"
      },
      {
        "title": "大姚"
      },
      {
        "title": "老顽童"
      },
      {
        "title": "金怡"
      },
      {
        "title": "君鑫干果"
      },
      {
        "title": "南兴天虹"
      },
      {
        "title": "佳斌"
      },
      {
        "title": "龙果"
      },
      {
        "title": "神农宝"
      }
    ],
    "imgs": [
      "/upload/9d/0.204203001334211510_150x150.jpg",
      "/upload/0a/0.843455001320036364_150x150.jpg"
    ],
    "summary": ""
  },
  {
    "img": "http://www.enanji.com/FCKeditorUpload/06(1).jpg",
    "title": "老奶奶花生米 122g",
    "url": "http://www.enanji.com/goods/5454.html",
    "price": "￥4.0 ",
    "category": "坚果炒货",
    "cate": "花生",
    "category_child": [
      {
        "title": "青豆"
      },
      {
        "title": "瓜子仁"
      },
      {
        "title": "花生"
      },
      {
        "title": "芝麻"
      },
      {
        "title": "其他"
      },
      {
        "title": "黄飞红"
      },
      {
        "title": "香飘飘"
      },
      {
        "title": "老奶奶"
      },
      {
        "title": "旺旺"
      }
    ],
    "imgs": [
      "/upload/9f/0.638233001371088708_150x150.jpg"
    ],
    "summary": "　生产许可证编号：QS340818010069 厂名：安徽安庆市高平老奶奶食品有限责任公司 厂址：安庆市杯宁高河工业园 产品标准号：GB/T22165-2008 "
  },
  {
    "img": "http://www.enanji.com/FCKeditorUpload/4(450).jpg",
    "title": "好人家麻辣香水鱼调料 180g",
    "url": "http://www.enanji.com/goods/5272.html",
    "price": "￥6.5",
    "category": "粮油调料",
    "cate": "复合调味料",
    "category_child": [
      {
        "title": "酱油"
      },
      {
        "title": "醋"
      },
      {
        "title": "调味酱"
      },
      {
        "title": "糖"
      },
      {
        "title": "味精鸡精"
      },
      {
        "title": "咖喱"
      },
      {
        "title": "淀粉"
      },
      {
        "title": "料酒"
      },
      {
        "title": "香油"
      },
      {
        "title": "香辛料"
      },
      {
        "title": "火锅调料"
      },
      {
        "title": "烧烤调料"
      },
      {
        "title": "复合调味料"
      },
      {
        "title": "其他"
      },
      {
        "title": "王家渡"
      },
      {
        "title": "苏伯"
      },
      {
        "title": "好人家"
      },
      {
        "title": "洪峰"
      },
      {
        "title": "吉得利"
      },
      {
        "title": "圣厨 "
      },
      {
        "title": "草原红太阳"
      },
      {
        "title": "家乐"
      }
    ],
    "imgs": [
      "/upload/c6/0.731076001369712939_150x150.jpg",
      "/upload/87/0.625238001369712947_150x150.jpg"
    ],
    "summary": "\n四川民间 传统风味 原料地道 香味浓郁 反复使用 越卤越香 众所周知，老卤汁熬制时间越长越好，芳香物质就越丰富，香味越浓，香味越浓，鲜味越大，煮制出的肉食风味就愈美。\n"
  },
  {
    "img": "http://www.enanji.com//FCKeditorUpload/laozhi140.jpg",
    "title": "珍选捞汁 800ml",
    "url": "http://www.enanji.com/goods/5296.html",
    "price": "￥11 ",
    "category": "粮油调料",
    "cate": "其他",
    "category_child": [
      {
        "title": "酱油"
      },
      {
        "title": "醋"
      },
      {
        "title": "调味酱"
      },
      {
        "title": "糖"
      },
      {
        "title": "味精鸡精"
      },
      {
        "title": "咖喱"
      },
      {
        "title": "淀粉"
      },
      {
        "title": "料酒"
      },
      {
        "title": "香油"
      },
      {
        "title": "香辛料"
      },
      {
        "title": "火锅调料"
      },
      {
        "title": "烧烤调料"
      },
      {
        "title": "复合调味料"
      },
      {
        "title": "其他"
      },
      {
        "title": "珍选"
      },
      {
        "title": "百味佳"
      },
      {
        "title": "裕盛"
      },
      {
        "title": "王致和"
      },
      {
        "title": "隆邦"
      }
    ],
    "imgs": [
      "/upload/a9/0.176962001369709346_150x150.jpg"
    ],
    "summary": ""
  },
  {
    "img": "http://www.enanji.com/FCKeditorUpload/1(2984).jpg",
    "title": "大红袍 中国红火锅底料 150g",
    "url": "http://www.enanji.com/goods/5279.html",
    "price": "￥6.5",
    "category": "粮油调料",
    "cate": "火锅调料",
    "category_child": [
      {
        "title": "酱油"
      },
      {
        "title": "醋"
      },
      {
        "title": "调味酱"
      },
      {
        "title": "糖"
      },
      {
        "title": "味精鸡精"
      },
      {
        "title": "咖喱"
      },
      {
        "title": "淀粉"
      },
      {
        "title": "料酒"
      },
      {
        "title": "香油"
      },
      {
        "title": "香辛料"
      },
      {
        "title": "火锅调料"
      },
      {
        "title": "烧烤调料"
      },
      {
        "title": "复合调味料"
      },
      {
        "title": "其他"
      },
      {
        "title": "大红袍"
      },
      {
        "title": "草原红太阳"
      },
      {
        "title": "三鲜"
      }
    ],
    "imgs": [
      "/upload/e0/0.818051001369710726_150x150.jpg"
    ],
    "summary": ""
  },
  {
    "img": "http://www.enanji.com/FCKeditorUpload/jdgfvxdfv.jpg",
    "title": "吉得利新奥尔良烤翅料30g",
    "url": "http://www.enanji.com/goods/5151.html",
    "price": "￥5 ",
    "category": "粮油调料",
    "cate": "烧烤调料",
    "category_child": [
      {
        "title": "酱油"
      },
      {
        "title": "醋"
      },
      {
        "title": "调味酱"
      },
      {
        "title": "糖"
      },
      {
        "title": "味精鸡精"
      },
      {
        "title": "咖喱"
      },
      {
        "title": "淀粉"
      },
      {
        "title": "料酒"
      },
      {
        "title": "香油"
      },
      {
        "title": "香辛料"
      },
      {
        "title": "火锅调料"
      },
      {
        "title": "烧烤调料"
      },
      {
        "title": "复合调味料"
      },
      {
        "title": "其他"
      },
      {
        "title": "裕盛"
      },
      {
        "title": "吉得利"
      }
    ],
    "imgs": [
      "/upload/55/0.246432001358211525_150x150.jpg",
      "/upload/4b/0.509649001358211530_150x150.jpg"
    ],
    "summary": ""
  },
  {
    "img": "http://www.enanji.com/FCKeditorUpload/5282.jpg",
    "title": "百味佳 万用香脆炸粉 （盒装） 120g",
    "url": "http://www.enanji.com/goods/5282.html",
    "price": "￥4.5 ",
    "category": "粮油调料",
    "cate": "其他",
    "category_child": [
      {
        "title": "酱油"
      },
      {
        "title": "醋"
      },
      {
        "title": "调味酱"
      },
      {
        "title": "糖"
      },
      {
        "title": "味精鸡精"
      },
      {
        "title": "咖喱"
      },
      {
        "title": "淀粉"
      },
      {
        "title": "料酒"
      },
      {
        "title": "香油"
      },
      {
        "title": "香辛料"
      },
      {
        "title": "火锅调料"
      },
      {
        "title": "烧烤调料"
      },
      {
        "title": "复合调味料"
      },
      {
        "title": "其他"
      },
      {
        "title": "珍选"
      },
      {
        "title": "百味佳"
      },
      {
        "title": "裕盛"
      },
      {
        "title": "王致和"
      },
      {
        "title": "隆邦"
      }
    ],
    "imgs": [
      "/upload/38/0.005476001369710309_150x150.jpg",
      "/upload/f0/0.742421001369710316_150x150.jpg"
    ],
    "summary": ""
  },
  {
    "img": "http://www.enanji.com/FCKeditorUpload/1(2985).jpg",
    "title": "爱思必金牌咖喱 240g （中辣）",
    "url": "http://www.enanji.com/goods/4915.html",
    "price": "￥17 ",
    "category": "粮油调料",
    "cate": "咖喱",
    "category_child": [
      {
        "title": "酱油"
      },
      {
        "title": "醋"
      },
      {
        "title": "调味酱"
      },
      {
        "title": "糖"
      },
      {
        "title": "味精鸡精"
      },
      {
        "title": "咖喱"
      },
      {
        "title": "淀粉"
      },
      {
        "title": "料酒"
      },
      {
        "title": "香油"
      },
      {
        "title": "香辛料"
      },
      {
        "title": "火锅调料"
      },
      {
        "title": "烧烤调料"
      },
      {
        "title": "复合调味料"
      },
      {
        "title": "其他"
      },
      {
        "title": "爱思必"
      },
      {
        "title": "裕盛"
      }
    ],
    "imgs": [
      "/upload/c7/0.853016001348801915_150x150.jpg"
    ],
    "summary": ""
  },
  {
    "img": "http://www.enanji.com/FCKeditorUpload/2(1001).jpg",
    "title": "内蒙古草原红太阳火锅蘸料120g",
    "url": "http://www.enanji.com/goods/5154.html",
    "price": "￥4.5 ",
    "category": "粮油调料",
    "cate": "复合调味料",
    "category_child": [
      {
        "title": "酱油"
      },
      {
        "title": "醋"
      },
      {
        "title": "调味酱"
      },
      {
        "title": "糖"
      },
      {
        "title": "味精鸡精"
      },
      {
        "title": "咖喱"
      },
      {
        "title": "淀粉"
      },
      {
        "title": "料酒"
      },
      {
        "title": "香油"
      },
      {
        "title": "香辛料"
      },
      {
        "title": "火锅调料"
      },
      {
        "title": "烧烤调料"
      },
      {
        "title": "复合调味料"
      },
      {
        "title": "其他"
      },
      {
        "title": "王家渡"
      },
      {
        "title": "苏伯"
      },
      {
        "title": "好人家"
      },
      {
        "title": "洪峰"
      },
      {
        "title": "吉得利"
      },
      {
        "title": "圣厨 "
      },
      {
        "title": "草原红太阳"
      },
      {
        "title": "家乐"
      }
    ],
    "imgs": [
      "/upload/aa/0.627007001358212990_150x150.jpg"
    ],
    "summary": ""
  },
  {
    "img": "http://www.enanji.com/FCKeditorUpload/trhbz.jpg",
    "title": "亨氏 番茄酱 320g ",
    "url": "http://www.enanji.com/goods/2800.html",
    "price": "￥10",
    "category": "粮油调料",
    "cate": "调味酱",
    "category_child": [
      {
        "title": "酱油"
      },
      {
        "title": "醋"
      },
      {
        "title": "调味酱"
      },
      {
        "title": "糖"
      },
      {
        "title": "味精鸡精"
      },
      {
        "title": "咖喱"
      },
      {
        "title": "淀粉"
      },
      {
        "title": "料酒"
      },
      {
        "title": "香油"
      },
      {
        "title": "香辛料"
      },
      {
        "title": "火锅调料"
      },
      {
        "title": "烧烤调料"
      },
      {
        "title": "复合调味料"
      },
      {
        "title": "其他"
      },
      {
        "title": "亨氏"
      },
      {
        "title": "丘比"
      },
      {
        "title": "淘大"
      },
      {
        "title": "大兴安岭"
      },
      {
        "title": "荣成韩一"
      },
      {
        "title": "好乐门"
      },
      {
        "title": "王致和"
      },
      {
        "title": "六必居"
      },
      {
        "title": "全聚德"
      },
      {
        "title": "香其酱"
      }
    ],
    "imgs": [
      "/upload/59/0.452790001387419274_150x150.jpg",
      "/upload/8d/0.510067001387419286_150x150.jpg",
      "/upload/e7/0.093940001387419295_150x150.jpg"
    ],
    "summary": ""
  },
  {
    "img": "http://www.enanji.com/FCKeditorUpload/1(2869).jpg",
    "title": "韩国 Maxim/麦馨 原味咖啡 1.2kg",
    "url": "http://www.enanji.com/goods/4354.html",
    "price": "￥87 ",
    "category": "进口食品",
    "cate": "咖啡",
    "category_child": [
      {
        "title": "咖啡"
      },
      {
        "title": "奶茶"
      },
      {
        "title": "冲调果汁"
      },
      {
        "title": "糊状冲调品"
      },
      {
        "title": "其他"
      },
      {
        "title": "G7"
      },
      {
        "title": "旧街场"
      },
      {
        "title": "海德曼"
      },
      {
        "title": "麦馨"
      },
      {
        "title": "麦斯威尔"
      },
      {
        "title": "中原G7"
      },
      {
        "title": "中越泰"
      }
    ],
    "imgs": [
      "/upload/df/0.458618001379814107_150x150.jpg",
      "/upload/25/0.929431001379814112_150x150.jpg",
      "/upload/8e/0.559355001379814117_150x150.jpg",
      "/upload/1f/0.953993001379814122_150x150.jpg"
    ],
    "summary": "\n韩国麦馨咖啡自1980年发明以来，一直是在韩国市场上占据第一的品牌。采用最新冷凝工艺萃取的咖啡粒、伴侣及砂糖清晰可见。咖啡含量极高，味道更加浓厚香醇，深受喜欢喝速溶咖啡的人的喜爱。口感香浓醇厚爽滑，经悉心的调配，是搭配完美的韩国咖啡。\n"
  },
  {
    "img": "http://www.enanji.com/FCKeditorUpload/1(2928).jpg",
    "title": "双林绿豆粉 400g",
    "url": "http://www.enanji.com/goods/5230.html",
    "price": "￥19.9",
    "category": "休闲食品",
    "cate": "糊状冲调品",
    "category_child": [
      {
        "title": "咖啡"
      },
      {
        "title": "奶粉奶茶"
      },
      {
        "title": "冲调果汁"
      },
      {
        "title": "糊状冲调品"
      },
      {
        "title": "其他"
      },
      {
        "title": "西麦田园"
      },
      {
        "title": "南方"
      },
      {
        "title": "维维"
      },
      {
        "title": "春光"
      },
      {
        "title": "双林"
      },
      {
        "title": "大荒龙"
      }
    ],
    "imgs": [
      "/upload/dd/0.583047001369640954_150x150.jpg",
      "/upload/fc/0.165686001369640965_150x150.jpg"
    ],
    "summary": "\n\n\n\n"
  },
  {
    "img": "http://www.enanji.com/FCKeditorUpload/1(2927).jpg",
    "title": "大庆 锌铁钙袋装奶粉 375g",
    "url": "http://www.enanji.com/goods/5109.html",
    "price": "￥25",
    "category": "休闲食品",
    "cate": "奶粉奶茶",
    "category_child": [
      {
        "title": "咖啡"
      },
      {
        "title": "奶粉奶茶"
      },
      {
        "title": "冲调果汁"
      },
      {
        "title": "糊状冲调品"
      },
      {
        "title": "其他"
      },
      {
        "title": "大庆"
      },
      {
        "title": "北大荒"
      },
      {
        "title": "立顿"
      },
      {
        "title": "国麟生物"
      }
    ],
    "imgs": [
      "/upload/d9/0.406070001354174828_150x150.jpg"
    ],
    "summary": ""
  },
  {
    "img": "http://www.enanji.com//FCKeditorUpload/yanmaipian.jpg",
    "title": "西麦田园 燕麦片 500g",
    "url": "http://www.enanji.com/goods/2954.html",
    "price": "￥12.5 ",
    "category": "休闲食品",
    "cate": "糊状冲调品",
    "category_child": [
      {
        "title": "咖啡"
      },
      {
        "title": "奶粉奶茶"
      },
      {
        "title": "冲调果汁"
      },
      {
        "title": "糊状冲调品"
      },
      {
        "title": "其他"
      },
      {
        "title": "西麦田园"
      },
      {
        "title": "南方"
      },
      {
        "title": "维维"
      },
      {
        "title": "春光"
      },
      {
        "title": "双林"
      },
      {
        "title": "大荒龙"
      }
    ],
    "imgs": [
      "/upload/8c/0.548836001309849177_150x150.jpg",
      "/upload/96/0.810322001309849183_150x150.jpg",
      "/upload/5b/0.742752001309849668_150x150.jpg"
    ],
    "summary": ""
  },
  {
    "img": "http://www.enanji.com/FCKeditorUpload/dfhbx.jpg",
    "title": "雀巢 原味咖啡42加6 624g ",
    "url": "http://www.enanji.com/goods/5056.html",
    "price": "￥48 ",
    "category": "休闲食品",
    "cate": "咖啡",
    "category_child": [
      {
        "title": "咖啡"
      },
      {
        "title": "奶粉奶茶"
      },
      {
        "title": "冲调果汁"
      },
      {
        "title": "糊状冲调品"
      },
      {
        "title": "其他"
      },
      {
        "title": "春光"
      },
      {
        "title": "赛品"
      },
      {
        "title": "麦斯威尔"
      },
      {
        "title": "雀巢"
      },
      {
        "title": "邦德"
      },
      {
        "title": "国麟生物 "
      }
    ],
    "imgs": [
      "/upload/1c/0.939828001352969277_150x150.jpg"
    ],
    "summary": ""
  },
  {
    "img": "http://www.enanji.com/FCKeditorUpload/火爆热卖标准140(23).jpg",
    "title": "大荒龙 全脂速溶豆粉 300g",
    "url": "http://www.enanji.com/goods/4686.html",
    "price": "￥7 ",
    "category": "休闲食品",
    "cate": "糊状冲调品",
    "category_child": [
      {
        "title": "咖啡"
      },
      {
        "title": "奶粉奶茶"
      },
      {
        "title": "冲调果汁"
      },
      {
        "title": "糊状冲调品"
      },
      {
        "title": "其他"
      },
      {
        "title": "西麦田园"
      },
      {
        "title": "南方"
      },
      {
        "title": "维维"
      },
      {
        "title": "春光"
      },
      {
        "title": "双林"
      },
      {
        "title": "大荒龙"
      }
    ],
    "imgs": [
      "/upload/14/0.816083001379818970_150x150.jpg"
    ],
    "summary": ""
  },
  {
    "img": "http://www.enanji.com/FCKeditorUpload/1(2929).jpg",
    "title": "国麟生物 枸杞奶茶 20g*18袋",
    "url": "http://www.enanji.com/goods/5982.html",
    "price": "￥45",
    "category": "休闲食品",
    "cate": "奶粉奶茶",
    "category_child": [
      {
        "title": "咖啡"
      },
      {
        "title": "奶粉奶茶"
      },
      {
        "title": "冲调果汁"
      },
      {
        "title": "糊状冲调品"
      },
      {
        "title": "其他"
      },
      {
        "title": "大庆"
      },
      {
        "title": "北大荒"
      },
      {
        "title": "立顿"
      },
      {
        "title": "国麟生物"
      }
    ],
    "imgs": [
      "/upload/8c/0.852313001381475962_150x150.jpg",
      "/upload/b1/0.451845001381475967_150x150.jpg",
      "/upload/97/0.317369001381475972_150x150.jpg"
    ],
    "summary": ""
  },
  {
    "img": "http://www.enanji.com/FCKeditorUpload/火爆热卖标准140(28).jpg",
    "title": "南方 黑芝麻糊 480g",
    "url": "http://www.enanji.com/goods/2777.html",
    "price": "￥19 ",
    "category": "休闲食品",
    "cate": "糊状冲调品",
    "category_child": [
      {
        "title": "咖啡"
      },
      {
        "title": "奶粉奶茶"
      },
      {
        "title": "冲调果汁"
      },
      {
        "title": "糊状冲调品"
      },
      {
        "title": "其他"
      },
      {
        "title": "西麦田园"
      },
      {
        "title": "南方"
      },
      {
        "title": "维维"
      },
      {
        "title": "春光"
      },
      {
        "title": "双林"
      },
      {
        "title": "大荒龙"
      }
    ],
    "imgs": [
      "/upload/3f/0.283568001334567069_150x150.jpg",
      "/upload/2e/0.857410001334567084_150x150.jpg"
    ],
    "summary": ""
  },
  {
    "img": "http://www.enanji.com/FCKeditorUpload/火爆热卖标准140(17).jpg",
    "title": "大庄园 牛板筋烧烤串 200g 即烤即吃",
    "url": "http://www.enanji.com/goods/5428.html",
    "price": "￥25.00 ",
    "category": "冷冻生鲜",
    "cate": "畜肉产品",
    "category_child": [
      {
        "title": "面米制品"
      },
      {
        "title": "鱼虾产品"
      },
      {
        "title": "畜肉产品"
      },
      {
        "title": "家禽冻货"
      },
      {
        "title": "其他"
      },
      {
        "title": "大润商"
      },
      {
        "title": "大庄园"
      },
      {
        "title": "新世纪"
      },
      {
        "title": "荷美尔"
      },
      {
        "title": "阿浩"
      },
      {
        "title": "双汇"
      }
    ],
    "imgs": [
      "/upload/6c/0.087928001371092018_150x150.jpg"
    ],
    "summary": "\n黑龙江大庄园集团始建于1982年，是一家集进出口贸易、现代生态农业、生态牧业、食品工业园区及大庄园天恒山鹿文化养生度假风景区于一体的大型民营企业。集团注册资本5.9亿元，资产总值16.7亿元，年产值28.9亿元。 \n    企业先后被认定为\"农业产业化国家重点龙头企业\"、\"国家食品安全示范单位\"，注册商标被认定为\"中国驰名商标\"。2010年获得\"中国最受尊敬的十大羊肉企业\"、\"中国最受消费者喜爱的十大羊肉品牌\"，2011年获得\"中国肉类食品行业强势企业\"等荣誉称号，2012年参加中国肉类协会主办的\"首届全国肉类食品行业国家级牛肉分割职业技能竞赛\"，一举夺得冠亚军的优异成绩。2012年10月获得\"中国肉类行业最具价值品牌\"，成为全国四家获此荣誉的牛羊肉类企业之一，获得九大部委颁布的\"2012年度中国食品安全年会百家示范单位\"。全面通过了食品安全生产准入QS认证、国际质量管理体系ISO9001-2000认证、ISO22000食品安全管理体系认证、清真HALAL认证等，集团自2000年起，连续12年一直保持新西兰羊肉进口量全国第一，被新西兰肉类行业赞誉为信誉最佳合作伙伴。\n   2006年7月起，集团在肇东经济开发区建设三大园区，建设总占地面积200万平方米，已完成食品工业园区的建设。具备年屠宰鹿1万头、牛10万头，年生产加工国产牛羊肉25000吨、鹿制品600吨、新西兰进口羊肉制品20000吨，熟食制品3000吨的加工能力。\n 　2007年1月起，集团在哈尔滨龙脉胜地天恒山风景区内建设大庄园天恒山鹿文化养生、度假特色旅游风景区，现已建设成全国最大的梅花鹿养殖场之一，倾力打造从草场到餐桌完整的产业链条。以绿色、营养、健康的模式，引导国人饮食文化向更高层次的食补养生发展。     \n    大庄园致力于打造全国农牧业及食品行业的名牌产品，已拥有三十余项专利和专有技术，集团始终坚持创建一条从源头到餐桌的安全食品链，覆盖谷物、蔬菜、牧草等产业种植，牲畜饲料加工，牛羊鹿的育种改良、养殖、屠宰、精深加工、冷链贮运和销售等各个环节，形成了冷鲜牛羊鹿肉、冷冻牛羊鹿肉、新西兰进口羊肉制品、熟烹肉制品、休闲食品、肉灌制品、熏酱食品、甜糯玉米以及农副产品等多个大类，上千个品种的全系列产品阵容。全国设有八大办事处，黑龙江省近百家直营店，近千家工业用户和经销商，三千多家商超，五千多家餐饮酒店，现已成为在全国具有强大市场竞争力和行业影响力的大型食品综合产业集团。\n    以食品安全体系建设为根本，真实履行\"食泽民众、业润社会\"的企业使命。以市场发展为导向，充分依托寒地黑土的绿色资源优势，全力助推龙江农业基地\"大粮仓、大牧场\"的跨越式发展，将大庄园打造成为中国食品安全的\"大后方、大厨房\"。 让国人吃上安全健康、优质美味、营养的食品，让中华民族食品行业赢得世人尊敬。\n    充分发挥\"农业产业化国家重点龙头企业\"的带动作用，推行\"政府+公司+基地+农业经纪人+农村合作社+农户\"六位一体的订单农业发展模式，带动农民增收致富，促进城乡一体化发展与新农村建设。直接带动6万多户、数十万农民实现增收。\n   大庄园始终怀着\"反哺社会\"之心，不断参与各类社会公益和慈善事业。在各类灾害中慷慨伸出援助之手，近年来参与各类捐赠累计超过3000万元人民币，荣获\"慈善企业家\"、\"抗震救灾先进集体\"、\"慈善奖\"等多项殊荣。\n\n\n"
  },
  {
    "img": "http://www.enanji.com//FCKeditorUpload/364.jpg",
    "title": "大庄园 涮毛肚550g 自带竹签",
    "url": "http://www.enanji.com/goods/5119.html",
    "price": "￥58 ",
    "category": "冷冻生鲜",
    "cate": "畜肉产品",
    "category_child": [
      {
        "title": "面米制品"
      },
      {
        "title": "鱼虾产品"
      },
      {
        "title": "畜肉产品"
      },
      {
        "title": "家禽冻货"
      },
      {
        "title": "其他"
      },
      {
        "title": "大润商"
      },
      {
        "title": "大庄园"
      },
      {
        "title": "新世纪"
      },
      {
        "title": "荷美尔"
      },
      {
        "title": "阿浩"
      },
      {
        "title": "双汇"
      }
    ],
    "imgs": [
      "/upload/64/0.496721001386139762_150x150.jpg"
    ],
    "summary": ""
  },
  {
    "img": "http://www.enanji.com/FCKeditorUpload/hjnhj.jpg",
    "title": "大润商 黑椒牛扒 300g",
    "url": "http://www.enanji.com/goods/4696.html",
    "price": "￥24.5 ",
    "category": "冷冻生鲜",
    "cate": "畜肉产品",
    "category_child": [
      {
        "title": "面米制品"
      },
      {
        "title": "鱼虾产品"
      },
      {
        "title": "畜肉产品"
      },
      {
        "title": "家禽冻货"
      },
      {
        "title": "其他"
      },
      {
        "title": "大润商"
      },
      {
        "title": "大庄园"
      },
      {
        "title": "新世纪"
      },
      {
        "title": "荷美尔"
      },
      {
        "title": "阿浩"
      },
      {
        "title": "双汇"
      }
    ],
    "imgs": [
      "/upload/8b/0.640688001332897810_150x150.jpg",
      "/upload/df/0.609551001332897815_150x150.jpg"
    ],
    "summary": ""
  },
  {
    "img": "http://www.enanji.com//FCKeditorUpload/140jikuai.jpg",
    "title": "泰森 微辣鸡米花 500g",
    "url": "http://www.enanji.com/goods/2737.html",
    "price": "￥18.5 ",
    "category": "冷冻生鲜",
    "cate": "家禽冻货",
    "category_child": [
      {
        "title": "面米制品"
      },
      {
        "title": "鱼虾产品"
      },
      {
        "title": "畜肉产品"
      },
      {
        "title": "家禽冻货"
      },
      {
        "title": "其他"
      },
      {
        "title": "泰森"
      },
      {
        "title": "千鹤"
      },
      {
        "title": "太合"
      }
    ],
    "imgs": [
      "/upload/db/0.074249001381822468_150x150.jpg"
    ],
    "summary": ""
  },
  {
    "img": "http://www.enanji.com/FCKeditorUpload/1(2856).jpg",
    "title": "霍嘉 台湾风味原味手抓饼2.5kg 方便快捷",
    "url": "http://www.enanji.com/goods/5425.html",
    "price": "￥45 ",
    "category": "冷冻生鲜",
    "cate": "面米制品",
    "category_child": [
      {
        "title": "面米制品"
      },
      {
        "title": "鱼虾产品"
      },
      {
        "title": "畜肉产品"
      },
      {
        "title": "家禽冻货"
      },
      {
        "title": "其他"
      },
      {
        "title": "三全"
      },
      {
        "title": "五芳斋"
      },
      {
        "title": "安井"
      },
      {
        "title": "喜世"
      },
      {
        "title": "大庄园"
      },
      {
        "title": "霍嘉"
      },
      {
        "title": "笨磨坊"
      }
    ],
    "imgs": [
      "/upload/c1/0.096581001371091258_150x150.jpg"
    ],
    "summary": "\n郑州霍嘉食品有限公司一家新兴的速冻食品生产、销售企业。公司主要经营速冻水饺、粽子、汤圆、芝麻球、面点、海鲜、丸类等产品。公司坚持\"质量至上、服务顾客\"的理念，严把产品质量关，力争把食品安全、价廉物美的产品传递给广大消费者。经过多年来的努力，在广大经销商的支持下，公司生产的\"霍嘉\"、\"冰蓉\"品牌得到了广大消费者认同，销售网络遍及北京、广东、广西、陕西、河北、上海、山西、福建、江苏、安徽、湖南、湖北、山东、辽宁、吉林、黑龙江等省。 公司现有食品相关专业研发、技术人员24人，生产工人300余人，生产销售管理人员大专生10人、本科生6人。公司以技术为核心，生产为依托，销售为龙头，以提供优质安全的食品服务大众为日标。 公司推出的\"霍嘉\"、\"冰蓉\"系列产品，包装设计优美时尚，质量优质上乘，深受广大消费者的喜爱。\"精益求精、追求完美\"是霍嘉人的追求；\"为消费者提供优质安全的食品\"是霍嘉人的理念。 诚信为首，质量为本；霍嘉食品，家家美味!\n"
  },
  {
    "img": "http://www.enanji.com//FCKeditorUpload/meicai.jpg",
    "title": "龙之味 梅菜笋丝 80g",
    "url": "http://www.enanji.com/goods/2933.html",
    "price": "￥1.9 ",
    "category": "休闲食品",
    "cate": "笋类制品",
    "category_child": [
      {
        "title": "豆制品"
      },
      {
        "title": "菌类制品"
      },
      {
        "title": "笋类制品"
      },
      {
        "title": "奇宏牌"
      },
      {
        "title": "龙之味"
      },
      {
        "title": "康旺达"
      },
      {
        "title": "西马克"
      },
      {
        "title": " A牌"
      },
      {
        "title": "果特"
      },
      {
        "title": "郭氏"
      }
    ],
    "imgs": [
      "/upload/f3/0.705073001340699344_150x150.jpg",
      "/upload/0f/0.268393001340699175_150x150.jpg"
    ],
    "summary": ""
  },
  {
    "img": "http://www.enanji.com/FCKeditorUpload/rhgfv.jpg",
    "title": "奇宏牌 清水脆笋 800g",
    "url": "http://www.enanji.com/goods/4050.html",
    "price": "￥8",
    "category": "休闲食品",
    "cate": "笋类制品",
    "category_child": [
      {
        "title": "豆制品"
      },
      {
        "title": "菌类制品"
      },
      {
        "title": "笋类制品"
      },
      {
        "title": "奇宏牌"
      },
      {
        "title": "龙之味"
      },
      {
        "title": "康旺达"
      },
      {
        "title": "西马克"
      },
      {
        "title": " A牌"
      },
      {
        "title": "果特"
      },
      {
        "title": "郭氏"
      }
    ],
    "imgs": [
      "/upload/84/0.806272001350532873_150x150.jpg",
      "/upload/79/0.435755001350532879_150x150.jpg",
      "/upload/f7/0.420553001350532886_150x150.jpg",
      "/upload/02/0.197356001350532893_150x150.jpg"
    ],
    "summary": ""
  },
  {
    "img": "http://www.enanji.com/FCKeditorUpload/5248du.jpg",
    "title": "哈肉联 松仁肉肚 300g ",
    "url": "http://www.enanji.com/goods/5248.html",
    "price": "￥18.00 ",
    "category": "特产食品",
    "cate": "省会城市",
    "category_child": [
      {
        "title": "直辖市"
      },
      {
        "title": "省会城市"
      },
      {
        "title": "普通城市"
      },
      {
        "title": "县乡城市"
      },
      {
        "title": "0.225"
      },
      {
        "title": "哈肉联"
      },
      {
        "title": "哈肉联风干肠"
      }
    ],
    "imgs": [
      "/upload/ea/0.037760001369632332_150x150.jpg",
      "/upload/34/0.351028001369632339_150x150.jpg"
    ],
    "summary": "\n\n\n\n\n\n\n\n\n\n\n\n"
  },
  {
    "img": "http://www.enanji.com//FCKeditorUpload/5175ertongchang.jpg",
    "title": "哈肉联 儿童红肠 85g ",
    "url": "http://www.enanji.com/goods/5175.html",
    "price": "￥7.00 ",
    "category": "特产食品",
    "cate": "省会城市",
    "category_child": [
      {
        "title": "直辖市"
      },
      {
        "title": "省会城市"
      },
      {
        "title": "普通城市"
      },
      {
        "title": "县乡城市"
      },
      {
        "title": "0.225"
      },
      {
        "title": "哈肉联"
      },
      {
        "title": "哈肉联风干肠"
      }
    ],
    "imgs": [
      "/upload/f5/0.113137001361349738_150x150.jpg",
      "/upload/42/0.062781001361349763_150x150.jpg",
      "/upload/18/0.376226001361349769_150x150.jpg",
      "/upload/4a/0.343347001361349827_150x150.jpg"
    ],
    "summary": ""
  },
  {
    "img": "http://www.enanji.com//FCKeditorUpload/5244doujuan.jpg",
    "title": "哈肉联 香薰豆卷 100g ",
    "url": "http://www.enanji.com/goods/5244.html",
    "price": "￥3.5 ",
    "category": "特产食品",
    "cate": "省会城市",
    "category_child": [
      {
        "title": "直辖市"
      },
      {
        "title": "省会城市"
      },
      {
        "title": "普通城市"
      },
      {
        "title": "县乡城市"
      },
      {
        "title": "0.225"
      },
      {
        "title": "哈肉联"
      },
      {
        "title": "哈肉联风干肠"
      }
    ],
    "imgs": [
      "/upload/41/0.352150001373686475_150x150.jpg"
    ],
    "summary": "\n\n\n\n\n\n\n\n\n\n\n\n"
  },
  {
    "img": "http://www.enanji.com//FCKeditorUpload/5246chaoshaorou.jpg",
    "title": "哈肉联  叉烧肉 160g ",
    "url": "http://www.enanji.com/goods/5246.html",
    "price": "￥20.00 ",
    "category": "特产食品",
    "cate": "省会城市",
    "category_child": [
      {
        "title": "直辖市"
      },
      {
        "title": "省会城市"
      },
      {
        "title": "普通城市"
      },
      {
        "title": "县乡城市"
      },
      {
        "title": "0.225"
      },
      {
        "title": "哈肉联"
      },
      {
        "title": "哈肉联风干肠"
      }
    ],
    "imgs": [
      "/upload/62/0.050601001373695381_150x150.jpg"
    ],
    "summary": "\n\n\n\n\n\n\n\n\n\n\n\n"
  },
  {
    "img": "http://www.enanji.com/FCKeditorUpload/agzdfcv.jpg",
    "title": "山城 袋装野生元蘑 250g ",
    "url": "http://www.enanji.com/goods/4788.html",
    "price": "￥56 ",
    "category": "特产食品",
    "cate": "东北",
    "category_child": [
      {
        "title": "东北"
      },
      {
        "title": "西北"
      },
      {
        "title": "西南"
      },
      {
        "title": "华北"
      },
      {
        "title": "华南"
      },
      {
        "title": "华东"
      },
      {
        "title": "华中"
      },
      {
        "title": "森龙"
      },
      {
        "title": "好实惠"
      },
      {
        "title": "山城"
      },
      {
        "title": "黑森"
      },
      {
        "title": "北大荒"
      },
      {
        "title": "蓝雨"
      },
      {
        "title": "北圣"
      },
      {
        "title": "北味"
      },
      {
        "title": "慈蜂堂"
      },
      {
        "title": "雪都"
      }
    ],
    "imgs": [
      "/upload/6c/0.984164001341042900_150x150.jpg",
      "/upload/f5/0.053180001341042906_150x150.jpg",
      "/upload/75/0.166751001341042912_150x150.jpg",
      "/upload/c0/0.230220001341042950_150x150.jpg"
    ],
    "summary": ""
  },
  {
    "img": "http://www.enanji.com/FCKeditorUpload/fhfjn.jpg",
    "title": "山城 袋装银耳 250g ",
    "url": "http://www.enanji.com/goods/4784.html",
    "price": "￥42 ",
    "category": "特产食品",
    "cate": "东北",
    "category_child": [
      {
        "title": "东北"
      },
      {
        "title": "西北"
      },
      {
        "title": "西南"
      },
      {
        "title": "华北"
      },
      {
        "title": "华南"
      },
      {
        "title": "华东"
      },
      {
        "title": "华中"
      },
      {
        "title": "森龙"
      },
      {
        "title": "好实惠"
      },
      {
        "title": "山城"
      },
      {
        "title": "黑森"
      },
      {
        "title": "北大荒"
      },
      {
        "title": "蓝雨"
      },
      {
        "title": "北圣"
      },
      {
        "title": "北味"
      },
      {
        "title": "慈蜂堂"
      },
      {
        "title": "雪都"
      }
    ],
    "imgs": [
      "/upload/f5/0.378512001341041031_150x150.jpg",
      "/upload/04/0.647925001341041051_150x150.jpg",
      "/upload/3e/0.084183001341041063_150x150.jpg",
      "/upload/1e/0.344795001341041073_150x150.jpg"
    ],
    "summary": ""
  },
  {
    "img": "http://www.enanji.com/FCKeditorUpload/hhbxh.jpg",
    "title": "山城 袋装野生榛蘑 250g ",
    "url": "http://www.enanji.com/goods/4786.html",
    "price": "￥58 ",
    "category": "特产食品",
    "cate": "东北",
    "category_child": [
      {
        "title": "东北"
      },
      {
        "title": "西北"
      },
      {
        "title": "西南"
      },
      {
        "title": "华北"
      },
      {
        "title": "华南"
      },
      {
        "title": "华东"
      },
      {
        "title": "华中"
      },
      {
        "title": "森龙"
      },
      {
        "title": "好实惠"
      },
      {
        "title": "山城"
      },
      {
        "title": "黑森"
      },
      {
        "title": "北大荒"
      },
      {
        "title": "蓝雨"
      },
      {
        "title": "北圣"
      },
      {
        "title": "北味"
      },
      {
        "title": "慈蜂堂"
      },
      {
        "title": "雪都"
      },
      {
        "title":"内蒙"
      }
    ],
    "imgs": [
      "/upload/01/0.834695001379401998_150x150.jpg"
    ],
    "summary": ""
  },
  {
    "img": "http://www.enanji.com/FCKeditorUpload/dbxnb.jpg",
    "title": "山城 盒装压缩特级秋木耳 250g ",
    "url": "http://www.enanji.com/goods/4791.html",
    "price": "￥60 ",
    "category": "特产食品",
    "cate": "东北",
    "category_child": [
      {
        "title": "东北"
      },
      {
        "title": "西北"
      },
      {
        "title": "西南"
      },
      {
        "title": "华北"
      },
      {
        "title": "华南"
      },
      {
        "title": "华东"
      },
      {
        "title": "华中"
      },
      {
        "title": "森龙"
      },
      {
        "title": "好实惠"
      },
      {
        "title": "山城"
      },
      {
        "title": "黑森"
      },
      {
        "title": "北大荒"
      },
      {
        "title": "蓝雨"
      },
      {
        "title": "北圣"
      },
      {
        "title": "北味"
      },
      {
        "title": "慈蜂堂"
      },
      {
        "title": "雪都"
      }
    ],
    "imgs": [
      "/upload/b2/0.592040001341044131_150x150.jpg",
      "/upload/a4/0.090557001341044137_150x150.jpg",
      "/upload/39/0.272547001341044327_150x150.jpg",
      "/upload/09/0.025776001341044332_150x150.jpg"
    ],
    "summary": ""
  }
]