[
  {
    "img": "http://www.hehe168.com/public/upload/photos/000/000/171/27/7266f71926520eca29fc6596dbfcf0c2PTztAT.jpg",
    "title": "《面面驾到》：暖胃暖心的一日三餐",
    "url": "http://www.hehe168.com/note/3g/466731",
    "summary": "面条的主要营养成分有蛋白质、脂肪、碳水化合物等。热腾腾的面条不但能快速填饱肚子，还易于消化吸收、滋养脾胃！偏好不同口感的朋友可以搭配喜欢的佐料，营养又带感^_^ 吃进肚里还能平衡营养吸收、增强免疫力。在如此快节奏的生活中，一碗小面是非常之快捷，又有营养的美食。冬日常做一碗必备的小面，来温暖你的胃！",
    "produts": [
      {
        "name": "【口感顺滑】想念全麦刀削面250g*5包共1250g",
        "p_summary": "健康无添加，劲道爽滑，营养美味。吃法多样，口感爽滑，无添加，不糊汤，营养好吸收。储藏持久。",
        "img": "/public/upload/photos/000/000/180/41/5cfe6d299993c23564157bd8334a301awvV5uV.jpg",
        "price": "¥15.80",
        "category": "特产食品",
        "cate": "西北"
      },
      {
        "name": "秘制酱汁干拌面380g 非油炸",
        "p_summary": "面条中含有铜元素，虽然说铜元素在朋友们的身体中的需求量不是非常的大的，但铜元素是作为朋友们的身体微量元素也是不可以缺少的，而面条中正好就含有铜元素，铜元素对于朋友们头发的发质的发展起到了很好的作用，所以朋友们适量的吃一些面条还可以起到养发的作用。",
        "img": "/public/upload/photos/000/000/180/41/5cfe6d299993c23564157bd8334a301awvV5uV.jpg",
        "price": "¥15.80",
        "category": "特产食品",
        "cate": "西北"
      },
      {
        "name": "安之食手工挂面2斤",
        "p_summary": "古法手工索面，细致入微。浙西传统特色面条。坐月子，做生日都要吃。所以又称月子面，长寿面。千丝万缕，口感舒滑，回味无穷！",
        "img": "/public/upload/photos/000/000/180/41/5cfe6d299993c23564157bd8334a301awvV5uV.jpg",
        "price": "¥15.80",
        "category": "特产食品",
        "cate": "西北"
      },
      {
        "name": "青海荞麦面条200g*5 无添加",
        "p_summary": "黑苦荞作为荞麦面的原料，是最硬质的荞麦品种，具有高蛋白高弹性的特点。荞麦还有“消炎粮食”的美称，有降糖的功用。荞麦面条是用荞麦面和面粉混合制成的细面条，蒸熟待用，食用时加上各式不同的佐料，也可以配上许多不同的酱汁，比如浇以酱油和葱花配成的温汤，有相当多的食用方法。",
        "img": "/public/upload/photos/000/000/180/41/5cfe6d299993c23564157bd8334a301awvV5uV.jpg",
        "price": "¥15.80",
        "category": "特产食品",
        "cate": "西北"
      },
      {
        "name": "东北真空大冷面250g 清凉爽口",
        "p_summary": "冷面入口后，柔韧耐嚼，凉爽清淡，滑顺润喉，而其中的辣、咸伴以酸甜能立刻勾出口水，再配嚼冷面菜（韩国泡菜，辣白菜，牛肉，黄瓜丝，煮鸡蛋，香菜），令人食欲大增。",
        "img": "/public/upload/photos/000/000/180/41/5cfe6d299993c23564157bd8334a301awvV5uV.jpg",
        "price": "¥15.80",
        "category": "特产食品",
        "cate": "西北"
      }
    ]
  },
  {
    "img": "http://www.hehe168.com/public/upload/photos/000/000/198/96/d0062e6069833a6c994dbbea4db73bf1D83x7J.jpg",
    "title": "各式各样面包云集，摆脱单调早餐",
    "url": "http://www.hehe168.com/note/3g/649987",
    "summary": "现在比较受欢迎的主要是谷物面包和全麦面包。谷物面包大量采用谷物、果仁作为原料，含有丰富的膳食纤维、不饱和脂肪酸和矿物质，有助提高新陈代谢，有益身体健康。全麦面包拥有丰富的膳食纤维，让人比较快就产生饱腹感，间接减少摄取量。同样是面包，吃全麦面包比吃白面包更有助减肥。面包松软，易于消化，不会对胃肠造成损害。面包作为目前西餐当中最受到中国人接受的美食，一直以来在人们的饮食生活当中占据了重要的地位。各式各样的面包美食纷纷诞生。",
    "produts": [
      {
        "name": "全麦法棍无糖无油切片装",
        "p_summary": "法式长棍面包（Baguette）是一种最传统的法式面包，营养丰富。法国面包的代表就是“棍子面包”，baguette原意是长条形的宝石。法式长棍面包的配方很简单，只用面粉、水、盐和酵母四种基本原料，通常不加糖，不加乳粉，不加或几乎不加油，小麦粉未经漂白，不含防腐剂。",
        "img": "/public/upload/photos/000/000/034/15/5469ccdb034eb619420302e7d68d5af7yhGVf9.jpg",
        "price": "¥19.80",
        "category": "进口食品",
        "cate": "面包"
      },
      {
        "name": "Backstube夏巴塔面包德式小面包120g",
        "p_summary": "美味好吃，营养均衡，口感松脆，五谷和坚果的香味混合。肩负着德国面包文化，认真苛刻对待每一份美味。",
        "img": "/public/upload/photos/000/000/059/39/9c526b03fed424896469da32a1a1c564C2c52D.jpg",
        "price": "¥19.80",
        "category": "进口食品",
        "cate": "面包"
      },
      {
        "name": "紫米面包黑米夹心奶酪切片110g",
        "p_summary": "诱人的色泽，看一眼就能食欲，轻轻咬一口，细腻柔滑的酱体充斥整个口腔。",
        "img": "/public/upload/photos/000/000/042/23/a5fc7b94cbfd064cd232e1c66a173bc2SuIiS3.jpg",
        "price": "¥19.80",
        "category": "进口食品",
        "cate": "面包"
      },
      {
        "name": "俄罗斯列巴无糖面包200g",
        "p_summary": "沙一克也叫“塞克”，是一种椭圆型面包，属俄式传统食品。该产品以面粉、酒花、食盐为主要原料，经加工烘烤而成。因这种面包用硬杂木烤炉烘烤而成，故外壳微焦而脆，内里松软可口；又因它是用酒花发酵，所以具有独特的植物芳香味，巴吉亚食品有限公司多年来一直保持着酒花三次发酵的传统工艺，用面包的芳香回馈广大消费者！",
        "img": "/public/upload/photos/000/000/107/32/bc8bb2b32a96d343d5674778b2ff59cd2UYMYx.jpg",
        "price": "¥19.80",
        "category": "进口食品",
        "cate": "面包"
      }
    ]
  },
  {
    "img": "http://www.hehe168.com/public/upload/photos/000/000/198/29/8b4ec217398f67793a6df01388bbd0a6n8P85N.jpg",
    "title": "除了烤全羊以外的内蒙古风味(⊙o⊙)",
    "url": "http://www.hehe168.com/note/3g/613744",
    "summary": "小编最近刚去了一趟内蒙古，在北京31度的热浪袭来，内蒙古那边还是穿着轻薄款羽绒服。难怪那边都要吃牛羊肉，大口喝马奶酒，实在是需要热量哇！不过内蒙古并不是经常能吃烤全羊，手把肉的，毕竟那也是钱啊，多贵呢。(～ o ～)~下面来推荐几款，在哪儿都能吃到的内蒙古美食，大家一起尝尝哈！^_^",
    "produts": [
      {
        "name": "内蒙古奶酪奶豆桶装250g休闲零食",
        "p_summary": "奶酪，俗称“酪蛋子”。将分离出酥油的酸奶，经微火煮熬后装入布袋，挤出酸水，成碎块状晾干即为奶酪，质硬而酸甜，是蒙古族民众喜爱的奶食品之一。大多都在行囊中放几块奶酪，以防不测，备以充饥解渴。",
        "img": "/public/upload/photos/000/000/048/19/a78264134fbe9651ffe62fc1521b4f27lORjZo.jpg",
        "price": "¥14.90",
        "category": "特产食品",
        "cate": "内蒙"
      },
      {
        "name": "【限时大促】内蒙古塔拉额吉高钙奶贝500g(富含牛初乳)",
        "p_summary": "奶片，一种内蒙特色食品，主要是以鲜乳或乳粉为主要原料，添加适量辅料，经混合、压片、包装制成的片状乳制品。奶片可随身携带，无须冷藏保存，无须加热食用。",
        "img": "/public/upload/photos/000/000/141/42/ce14d95a501aded5ca060ea387e6fe3dqjQJjA.jpg",
        "price": "¥14.90",
        "category": "特产食品",
        "cate": "内蒙"
      },
      {
        "name": "【高钙零食】正宗内蒙古牧民纯奶酪150g(独立小包)",
        "p_summary": "奶酪，俗称“酪蛋子”。将分离出酥油的酸奶，经微火煮熬后装入布袋，挤出酸水，成碎块状晾干即为奶酪，质硬而酸甜，是蒙古族民众喜爱的奶食品之一。大多都在行囊中放几块奶酪，以防不测，备以充饥解渴。",
        "img": "/public/upload/photos/000/000/031/33/be1a8415dd14633bdfcdf2bdfd29db227i2lNJ.jpg",
        "price": "¥14.90",
        "category": "特产食品",
        "cate": "内蒙"
      },
      {
        "name": "浔阳楼江西特产糕点九江茶饼500g",
        "p_summary": "舌尖上的蘑菇酱，营养丰富、肉嫩味鲜。一直享有“山珍的美誉”。很多国家人民视它为“菜中佳品”。",
        "img": "/public/upload/photos/000/000/076/65/eebc7f93a6dff005c34e9b0d2162cacaS9pq11.jpg",
        "price": "¥14.90",
        "category": "特产食品",
        "cate": "内蒙"
      }
    ]
  }
]